# Made in Blockbench 5.0.4
mtllib gateclose.mtl

o cube
v 0.20946312499999997 1.1921825 0.47193375
v 1.01875 0.3265625 0.475
v 0.915625 0.3265625 0.475
v 0.915625 1.1375 0.475
v 1.01875 1.1375 0.475
v 1.01875 0.3265625 0.5125
v 1.01875 1.1375 0.5125
v 0.915625 0.3265625 0.5125
v 0.915625 1.1375 0.5125
v 0.91875 0.3265625 0.475
v 0.628125 0.3265625 0.475
v 0.628125 1.325 0.475
v 0.91875 1.325 0.475
v 0.91875 0.3265625 0.5125
v 0.91875 1.325 0.5125
v 0.628125 0.3265625 0.5125
v 0.628125 1.325 0.5125
v 0.303125 0.3265625 0.475
v 0.2 0.3265625 0.475
v 0.2 1.1375 0.475
v 0.303125 1.1375 0.475
v 0.303125 0.3265625 0.5125
v 0.303125 1.1375 0.5125
v 0.2 0.3265625 0.5125
v 0.2 1.1375 0.5125
v 0.590625 0.3265625 0.475
v 0.3 0.3265625 0.475
v 0.3 1.325 0.475
v 0.590625 1.325 0.475
v 0.590625 0.3265625 0.5125
v 0.590625 1.325 0.5125
v 0.3 0.3265625 0.5125
v 0.3 1.325 0.5125
v 0.23125 1.1984375 0.5296875
v 0.23125 1.1984375 0.4671875
v 0.23125 0.2453125 0.5296875
v 0.23125 0.2453125 0.4671875
v 0.16875 1.1984375 0.5296875
v 0.16875 1.1984375 0.4671875
v 0.16875 0.2453125 0.5296875
v 0.16875 0.2453125 0.4671875
v 0.08281250000000001 1.1984375 0.5296875
v 0.08281250000000001 1.1984375 0.4671875
v 0.08281250000000001 0.2453125 0.5296875
v 0.08281250000000001 0.2453125 0.4671875
v 0.02031250000000001 1.1984375 0.5296875
v 0.02031250000000001 1.1984375 0.4671875
v 0.02031250000000001 0.2453125 0.5296875
v 0.02031250000000001 0.2453125 0.4671875
v 0.25 0.25 0.5625
v 0.25 0.25 -0.09375
v 0.25 0 0.5625
v 0.25 0 -0.09375
v 0 0.25 0.5625
v 0 0.25 -0.09375
v 0 0 0.5625
v 0 0 -0.09375
v 0 0.25 -0.71875
v 0.25 0.25 -0.71875
v 0 0 -0.71875
v 0.25 0 -0.71875
v 0 0.25 -0.953125
v 0.25 0.25 -0.953125
v 0 0.18125 -0.953125
v 0.25 0.18125 -0.953125
v 0 1.125 -0.71875
v 0 1.125 -0.09375
v 0.25 1.125 -0.09375
v 0.25 1.125 -0.8921874999999999
v 0 1.125 -0.8921874999999999
v 0.25 1.125 -0.07656249999999998
v 0 1.125 -0.07656249999999998
v 0 0.25 -0.07656249999999998
v 0.25 0.25 -0.07656249999999998
v 0.22031250000000002 1.125 0
v 0.029687499999999978 1.125 0
v 0.029687499999999978 0.25 0
v 0.22031250000000002 0.25 0
v 0.125 1.125 0.06406250000000002
v 0.125 0.25 0.06406250000000002
v 0.125 0.25 -0.09375
v 0.125 0.25 0.5625
v 0.125 0 0.5625
v 0.125 0 -0.09375
v 0.125 0 -0.71875
v 0.125 0.18125 -0.953125
v 0.125 0.25 -0.953125
v 0.125 1.125 -0.8921874999999999
v 0.07734374999999999 0.25 0.04765625000000001
v 0.07734374999999999 1.125 0.04765625000000001
v 0.0625 1.125 -0.8921874999999999
v 0.0625 0.25 -0.953125
v 0.0625 0.18125 -0.953125
v 0.0625 0 -0.71875
v 0.0625 0 -0.09375
v 0.0625 0 0.5625
v 0.0625 0.25 0.5625
v 0.0625 0.25 -0.09375
v 0.0625 0.25 -0.007031250000000044
v 0.17265625 1.125 0.04765625000000001
v 0.17265625 0.25 0.04765625000000001
v 0.1875 0.25 -0.007031250000000044
v 0.1875 0.25 -0.09375
v 0.1875 0.25 0.5625
v 0.1875 0 0.5625
v 0.1875 0 -0.09375
v 0.1875 0 -0.71875
v 0.1875 0.18125 -0.953125
v 0.1875 0.25 -0.953125
v 0.23828125 0.25 -0.038281250000000044
v 0.23828125 1.125 -0.038281250000000044
v 0.01171875 1.125 -0.038281250000000044
v 0.01171875 0.25 -0.038281250000000044
v 0.06992187500000002 0.25 0.02031250000000001
v 0.125 0.25 0.06328125000000001
v 0.18007812499999998 0.25 0.02031250000000001
v 0.125 0.25 0.0625
v 0.1875 1.3125 -0.09375
v 0.25 1.3125 -0.09375
v 0.125 1.3125 -0.09375
v 0.0625 1.3125 -0.09375
v 0 1.3125 -0.09375
v 0 1.3125 -0.07656249999999998
v 0.0625 1.3125 -0.007031250000000044
v 0.125 1.3125 0.0625
v 0.1875 1.3125 -0.007031250000000044
v 0.25 1.3125 -0.07656249999999998
v 0.23828125 1.3125 -0.038281250000000044
v 0.18007812499999998 1.3125 0.02031250000000001
v 0.125 1.3125 0.06328125000000001
v 0.06992187500000002 1.3125 0.02031250000000001
v 0.01171875 1.3125 -0.038281250000000044
v 0.07734374999999999 1.3125 0.04765625000000001
v 0.029687499999999978 1.3125 0
v 0.125 1.3125 0.06406250000000002
v 0.17265625 1.3125 0.04765625000000001
v 0.22031250000000002 1.3125 0
v 0.0625 1.3125 -0.7203124999999999
v 0 1.3125 -0.7203124999999999
v 0.125 1.3125 -0.7203124999999999
v 0.1875 1.3125 -0.7203124999999999
v 0.25 1.3125 -0.7203124999999999
v 0.0625 1.228385 -0.7974181250000001
v 0.125 1.269041875 -0.7601493749999999
v 0.234375 1.24925125 -0.7029000000000001
v 0.234375 1.15550125 -0.7888375000000001
v 0.125 1.21896875 -0.7306587499999999
v 0.125 1.175073125 -0.7966781249999999
v 0.0625 1.18847625 -0.758610625
v 0.0625 1.16490875 -0.805995
v 0.020833125000000008 1.156293125 -0.8138924999999999
v 0.25 1.125 -0.71875
v 0.25 1.193705 -0.7966562500000001
v 0.210246875 1.255045625 -0.7313799999999999
v 0.22255124999999998 1.19129 -0.800140625
v 0.225871875 1.308919375 -0.7300424999999999
v 0.21990437499999999 1.129670625 -0.8907031249999999
v 0.07734374999999999 1.21875 0.04765625000000001
v 0.125 1.21875 0.06406250000000002
v 0.17265625 1.21875 0.04765625000000001
v 0.22031250000000002 1.21875 0
v 0.23828125 1.21875 -0.038281250000000044
v 0.25 1.21875 -0.07656249999999998
v 0.25 1.21875 -0.09375
v 0.25 1.21875 -0.71953125
v 0.029687499999999978 1.21875 0
v 0.01171875 1.21875 -0.038281250000000044
v 0 1.21875 -0.07656249999999998
v 0 1.21875 -0.09375
v 0 1.21875 -0.71953125
v 0.155465625 1.225 0.0703125
v 0.09293687499999997 1.2875 0.07081500000000002
v 0.09293687499999997 1.225 0.07081500000000002
v 0.15706312500000003 1.2875 0.07081500000000002
v 0.09343875000000001 1.2875 0.372375625
v 0.09343875000000001 1.225 0.372375625
v 0.155968125 1.225 0.371873125
v 0.157565625 1.2875 0.372375625
v 0.014253124999999978 1.31875 0.373935625
v 0.008003125 1.1921875 0.373935625
v 0.23812624999999998 1.1921875 0.37343375
v 0.237755 1.31875 0.373935625
v 0.014390000000000014 1.318743125 0.505185625
v 0.00813999999999998 1.192180625 0.505185625
v 0.2382625 1.192180625 0.504683125
v 0.23789125 1.318743125 0.505185625
v 0.12320124999999998 1.192180625 0.504934375
v 0.12306499999999998 1.1921875 0.373684375
v 0.12470312500000003 1.225 0.372124375
v 0.12420124999999999 1.225 0.07056374999999998
v 0.126140625 1.318743125 0.505185625
v 0.126004375 1.31875 0.373935625
v 0.12550187499999998 1.2875 0.372375625
v 0.125 1.2875 0.07081500000000002
v 0.180731875 1.192180625 0.50480875
v 0.18059562499999998 1.1921875 0.37355875
v 0.14033562500000002 1.225 0.37199875
v 0.13983374999999998 1.225 0.07043812500000002
v 0.18201625 1.318743125 0.505185625
v 0.181879375 1.31875 0.373935625
v 0.14153375 1.2875 0.372375625
v 0.14103187499999997 1.2875 0.07081500000000002
v 0.008071875000000006 1.192184375 0.439560625
v 0.014321874999999984 1.318746875 0.439560625
v 0.12607249999999998 1.318746875 0.439560625
v 0.18194812500000002 1.318746875 0.439560625
v 0.23782312500000002 1.318746875 0.439560625
v 0.238194375 1.192184375 0.439058125
v 0.06567062499999998 1.192180625 0.50506
v 0.07026500000000002 1.318743125 0.505185625
v 0.07019687499999999 1.318746875 0.439560625
v 0.07012875000000002 1.31875 0.373935625
v 0.10947062499999999 1.2875 0.372375625
v 0.10896812500000003 1.2875 0.07081500000000002
v 0.06553437499999998 1.1921875 0.37381
v 0.10907125000000001 1.225 0.37224999999999997
v 0.10856874999999999 1.225 0.070689375
v 0.06563625000000001 1.1921825 0.4722475
v 0.12316687500000001 1.1921825 0.472121875
v 0.180698125 1.1921825 0.47199625
v 0.23822875 1.1921825 0.471870625
v 0.2378575 1.318745 0.472373125
v 0.18198187500000002 1.318745 0.472373125
v 0.12610624999999998 1.318745 0.472373125
v 0.07023125000000002 1.318745 0.472373125
v 0.014355624999999983 1.318745 0.472373125
v 0.008105625000000005 1.1921825 0.472373125
v 0.06556812499999998 1.192185625 0.4066225
v 0.12309874999999998 1.192185625 0.406496875
v 0.18062937499999998 1.192185625 0.40637125
v 0.23816062500000001 1.192185625 0.406245625
v 0.23778937500000003 1.318748125 0.406748125
v 0.18191374999999999 1.318748125 0.406748125
v 0.126038125 1.318748125 0.406748125
v 0.07016312499999999 1.318748125 0.406748125
v 0.014287500000000009 1.318748125 0.406748125
v 0.008037499999999975 1.192185625 0.406748125
v 0.15193250000000003 1.1921825 0.472059375
v 0.151898125 1.192184375 0.439246875
v 0.151864375 1.192185625 0.406434375
v 0.15183000000000002 1.1921875 0.373621875
v 0.132519375 1.225 0.37206125
v 0.1320175 1.225 0.07050062499999998
v 0.151966875 1.192180625 0.504871875
v 0.154078125 1.318743125 0.505185625
v 0.154044375 1.318745 0.472373125
v 0.15400999999999998 1.318746875 0.439560625
v 0.15397624999999998 1.318748125 0.406748125
v 0.153941875 1.31875 0.373935625
v 0.133518125 1.2875 0.372375625
v 0.13301562500000003 1.2875 0.07081500000000002
v 0.09440187500000002 1.1921825 0.472185
v 0.09436749999999999 1.192184375 0.4393725
v 0.09433375 1.192185625 0.40656000000000003
v 0.09429937500000002 1.1921875 0.3737475
v 0.11688749999999998 1.225 0.37218687500000003
v 0.11638500000000002 1.225 0.07062625
v 0.09443562500000002 1.192180625 0.5049975
v 0.098203125 1.318743125 0.505185625
v 0.09816875000000003 1.318745 0.472373125
v 0.09813499999999997 1.318746875 0.439560625
v 0.098100625 1.318748125 0.406748125
v 0.09806625000000002 1.31875 0.373935625
v 0.11748625000000001 1.2875 0.372375625
v 0.11698437499999997 1.2875 0.07081500000000002
v 0.12313312500000001 1.192184375 0.439309375
v 0.03687125000000002 1.1921825 0.472310625
v 0.03683687499999999 1.192184375 0.439498125
v 0.03680312499999999 1.192185625 0.406685625
v 0.03676875000000002 1.1921875 0.37387312500000003
v 0.10125499999999998 1.225 0.3723125
v 0.100753125 1.225 0.07075187500000002
v 0.03690500000000002 1.192180625 0.505123125
v 0.04232750000000002 1.318743125 0.505185625
v 0.04229312499999999 1.318745 0.472373125
v 0.04225937499999999 1.318746875 0.439560625
v 0.04222500000000001 1.318748125 0.406748125
v 0.04219125000000001 1.31875 0.373935625
v 0.10145437499999999 1.2875 0.372375625
v 0.1009525 1.2875 0.07081500000000002
v 0.20942937499999997 1.192184375 0.43912125
v 0.209395 1.192185625 0.40630875
v 0.20936062500000002 1.1921875 0.37349625
v 0.148151875 1.225 0.371935625
v 0.14765 1.225 0.07037500000000002
v 0.2094975 1.192180625 0.50474625
v 0.20995375 1.318743125 0.505185625
v 0.20991937500000002 1.318745 0.472373125
v 0.20988562500000002 1.318746875 0.439560625
v 0.20985125 1.318748125 0.406748125
v 0.2098175 1.31875 0.373935625
v 0.14954937499999998 1.2875 0.372375625
v 0.1490475 1.2875 0.07081500000000002
v 0.18066375 1.192184375 0.43918375
v 0.06560250000000001 1.192184375 0.439435
v 0.040820625 1.3125 -0.008984375000000044
v 0.03125 1.3125 -0.041796874999999956
v 0.03125 1.3125 -0.09375
v 0.03125 1.3125 -0.7203124999999999
v 0.03125 1.1766925 -0.8448031250000001
v 0.04166687499999999 1.172384375 -0.7862512500000001
v 0.05351562500000001 1.3125 0.023828124999999978
v 0.05351562500000001 1.21875 0.023828124999999978
v 0.05351562500000001 1.125 0.023828124999999978
v 0.05351562500000001 0.25 0.023828124999999978
v 0.040820625 0.25 -0.008984375000000044
v 0.03125 0.25 -0.041796874999999956
v 0.03125 0.25 -0.09375
v 0.03125 0.25 0.5625
v 0.03125 0 0.5625
v 0.03125 0 -0.09375
v 0.03125 0 -0.71875
v 0.03125 0.18125 -0.953125
v 0.03125 0.25 -0.953125
v 0.03125 1.125 -0.8921874999999999
v 0.04166687499999999 1.16060125 -0.80994375
v 0.20946312499999997 1.1921825 0.59056625
v 0.25 0.25 0.5
v 0.25 0.25 1.15625
v 0.25 0 0.5
v 0.25 0 1.15625
v 0 0.25 0.5
v 0 0.25 1.15625
v 0 0 0.5
v 0 0 1.15625
v 0 0.25 1.78125
v 0.25 0.25 1.78125
v 0 0 1.78125
v 0.25 0 1.78125
v 0 0.25 2.015625
v 0.25 0.25 2.015625
v 0 0.18125 2.015625
v 0.25 0.18125 2.015625
v 0 1.125 1.78125
v 0 1.125 1.15625
v 0.25 1.125 1.15625
v 0.25 1.125 1.9546875
v 0 1.125 1.9546875
v 0.25 1.125 1.1390625
v 0 1.125 1.1390625
v 0 0.25 1.1390625
v 0.25 0.25 1.1390625
v 0.22031250000000002 1.125 1.0625
v 0.029687499999999978 1.125 1.0625
v 0.029687499999999978 0.25 1.0625
v 0.22031250000000002 0.25 1.0625
v 0.125 1.125 0.9984375
v 0.125 0.25 0.9984375
v 0.125 0.25 1.15625
v 0.125 0.25 0.5
v 0.125 0 0.5
v 0.125 0 1.15625
v 0.125 0 1.78125
v 0.125 0.18125 2.015625
v 0.125 0.25 2.015625
v 0.125 1.125 1.9546875
v 0.07734374999999999 0.25 1.01484375
v 0.07734374999999999 1.125 1.01484375
v 0.0625 1.125 1.9546875
v 0.0625 0.25 2.015625
v 0.0625 0.18125 2.015625
v 0.0625 0 1.78125
v 0.0625 0 1.15625
v 0.0625 0 0.5
v 0.0625 0.25 0.5
v 0.0625 0.25 1.15625
v 0.0625 0.25 1.06953125
v 0.17265625 1.125 1.01484375
v 0.17265625 0.25 1.01484375
v 0.1875 0.25 1.06953125
v 0.1875 0.25 1.15625
v 0.1875 0.25 0.5
v 0.1875 0 0.5
v 0.1875 0 1.15625
v 0.1875 0 1.78125
v 0.1875 0.18125 2.015625
v 0.1875 0.25 2.015625
v 0.23828125 0.25 1.10078125
v 0.23828125 1.125 1.10078125
v 0.01171875 1.125 1.10078125
v 0.01171875 0.25 1.10078125
v 0.06992187500000002 0.25 1.0421875
v 0.125 0.25 0.99921875
v 0.18007812499999998 0.25 1.0421875
v 0.125 0.25 1
v 0.1875 1.3125 1.15625
v 0.25 1.3125 1.15625
v 0.125 1.3125 1.15625
v 0.0625 1.3125 1.15625
v 0 1.3125 1.15625
v 0 1.3125 1.1390625
v 0.0625 1.3125 1.06953125
v 0.125 1.3125 1
v 0.1875 1.3125 1.06953125
v 0.25 1.3125 1.1390625
v 0.23828125 1.3125 1.10078125
v 0.18007812499999998 1.3125 1.0421875
v 0.125 1.3125 0.99921875
v 0.06992187500000002 1.3125 1.0421875
v 0.01171875 1.3125 1.10078125
v 0.07734374999999999 1.3125 1.01484375
v 0.029687499999999978 1.3125 1.0625
v 0.125 1.3125 0.9984375
v 0.17265625 1.3125 1.01484375
v 0.22031250000000002 1.3125 1.0625
v 0.0625 1.3125 1.7828125
v 0 1.3125 1.7828125
v 0.125 1.3125 1.7828125
v 0.1875 1.3125 1.7828125
v 0.25 1.3125 1.7828125
v 0.0625 1.228385 1.859918125
v 0.125 1.269041875 1.822649375
v 0.234375 1.24925125 1.7654
v 0.234375 1.15550125 1.8513375
v 0.125 1.21896875 1.79315875
v 0.125 1.175073125 1.859178125
v 0.0625 1.18847625 1.821110625
v 0.020833125000000008 1.156293125 1.8763925
v 0.25 1.125 1.78125
v 0.25 1.193705 1.85915625
v 0.210246875 1.255045625 1.79388
v 0.22255124999999998 1.19129 1.862640625
v 0.225871875 1.308919375 1.7925425
v 0.21990437499999999 1.129670625 1.953203125
v 0.07734374999999999 1.21875 1.01484375
v 0.125 1.21875 0.9984375
v 0.17265625 1.21875 1.01484375
v 0.22031250000000002 1.21875 1.0625
v 0.23828125 1.21875 1.10078125
v 0.25 1.21875 1.1390625
v 0.25 1.21875 1.15625
v 0.25 1.21875 1.78203125
v 0.029687499999999978 1.21875 1.0625
v 0.01171875 1.21875 1.10078125
v 0 1.21875 1.1390625
v 0 1.21875 1.15625
v 0 1.21875 1.78203125
v 0.155465625 1.225 0.9921875
v 0.09293687499999997 1.2875 0.9916849999999999
v 0.09293687499999997 1.225 0.9916849999999999
v 0.15706312500000003 1.2875 0.9916849999999999
v 0.09343875000000001 1.2875 0.690124375
v 0.09343875000000001 1.225 0.690124375
v 0.155968125 1.225 0.690626875
v 0.157565625 1.2875 0.690124375
v 0.014253124999999978 1.31875 0.688564375
v 0.008003125 1.1921875 0.688564375
v 0.23812624999999998 1.1921875 0.68906625
v 0.237755 1.31875 0.688564375
v 0.014390000000000014 1.318743125 0.501064375
v 0.00813999999999998 1.192180625 0.501064375
v 0.2382625 1.192180625 0.501566875
v 0.23789125 1.318743125 0.501064375
v 0.12320124999999998 1.192180625 0.501315625
v 0.12306499999999998 1.1921875 0.6888156249999999
v 0.12470312500000003 1.225 0.6903756249999999
v 0.12420124999999999 1.225 0.99193625
v 0.126140625 1.318743125 0.501064375
v 0.126004375 1.31875 0.688564375
v 0.12550187499999998 1.2875 0.690124375
v 0.125 1.2875 0.9916849999999999
v 0.180731875 1.192180625 0.50144125
v 0.18059562499999998 1.1921875 0.6889412500000001
v 0.14033562500000002 1.225 0.6905012500000001
v 0.13983374999999998 1.225 0.992061875
v 0.18201625 1.318743125 0.501064375
v 0.181879375 1.31875 0.688564375
v 0.14153375 1.2875 0.690124375
v 0.14103187499999997 1.2875 0.9916849999999999
v 0.008071875000000006 1.192184375 0.622939375
v 0.014321874999999984 1.318746875 0.622939375
v 0.12607249999999998 1.318746875 0.622939375
v 0.18194812500000002 1.318746875 0.622939375
v 0.23782312500000002 1.318746875 0.622939375
v 0.238194375 1.192184375 0.623441875
v 0.06567062499999998 1.192180625 0.50119
v 0.07026500000000002 1.318743125 0.501064375
v 0.07019687499999999 1.318746875 0.622939375
v 0.07012875000000002 1.31875 0.688564375
v 0.10947062499999999 1.2875 0.690124375
v 0.10896812500000003 1.2875 0.9916849999999999
v 0.06553437499999998 1.1921875 0.68869
v 0.10907125000000001 1.225 0.69025
v 0.10856874999999999 1.225 0.9918106250000001
v 0.06563625000000001 1.1921825 0.5902525
v 0.12316687500000001 1.1921825 0.590378125
v 0.180698125 1.1921825 0.59050375
v 0.23822875 1.1921825 0.590629375
v 0.2378575 1.318745 0.5901268749999999
v 0.18198187500000002 1.318745 0.5901268749999999
v 0.12610624999999998 1.318745 0.5901268749999999
v 0.07023125000000002 1.318745 0.5901268749999999
v 0.014355624999999983 1.318745 0.5901268749999999
v 0.008105625000000005 1.1921825 0.5901268749999999
v 0.06556812499999998 1.192185625 0.6558775
v 0.12309874999999998 1.192185625 0.656003125
v 0.18062937499999998 1.192185625 0.65612875
v 0.23816062500000001 1.192185625 0.6562543750000001
v 0.23778937500000003 1.318748125 0.655751875
v 0.18191374999999999 1.318748125 0.655751875
v 0.126038125 1.318748125 0.655751875
v 0.07016312499999999 1.318748125 0.655751875
v 0.014287500000000009 1.318748125 0.655751875
v 0.008037499999999975 1.192185625 0.655751875
v 0.15193250000000003 1.1921825 0.590440625
v 0.151898125 1.192184375 0.623253125
v 0.151864375 1.192185625 0.656065625
v 0.15183000000000002 1.1921875 0.688878125
v 0.132519375 1.225 0.69043875
v 0.1320175 1.225 0.991999375
v 0.151966875 1.192180625 0.501378125
v 0.154078125 1.318743125 0.501064375
v 0.154044375 1.318745 0.5901268749999999
v 0.15400999999999998 1.318746875 0.622939375
v 0.15397624999999998 1.318748125 0.655751875
v 0.153941875 1.31875 0.688564375
v 0.133518125 1.2875 0.690124375
v 0.13301562500000003 1.2875 0.9916849999999999
v 0.09440187500000002 1.1921825 0.590315
v 0.09436749999999999 1.192184375 0.6231275000000001
v 0.09433375 1.192185625 0.65594
v 0.09429937500000002 1.1921875 0.6887525
v 0.11688749999999998 1.225 0.690313125
v 0.11638500000000002 1.225 0.99187375
v 0.09443562500000002 1.192180625 0.5012525
v 0.098203125 1.318743125 0.501064375
v 0.09816875000000003 1.318745 0.5901268749999999
v 0.09813499999999997 1.318746875 0.622939375
v 0.098100625 1.318748125 0.655751875
v 0.09806625000000002 1.31875 0.688564375
v 0.11748625000000001 1.2875 0.690124375
v 0.11698437499999997 1.2875 0.9916849999999999
v 0.12313312500000001 1.192184375 0.623190625
v 0.03687125000000002 1.1921825 0.590189375
v 0.03683687499999999 1.192184375 0.623001875
v 0.03680312499999999 1.192185625 0.6558143750000001
v 0.03676875000000002 1.1921875 0.688626875
v 0.10125499999999998 1.225 0.6901875
v 0.100753125 1.225 0.991748125
v 0.03690500000000002 1.192180625 0.501126875
v 0.04232750000000002 1.318743125 0.501064375
v 0.04229312499999999 1.318745 0.5901268749999999
v 0.04225937499999999 1.318746875 0.622939375
v 0.04222500000000001 1.318748125 0.655751875
v 0.04219125000000001 1.31875 0.688564375
v 0.10145437499999999 1.2875 0.690124375
v 0.1009525 1.2875 0.9916849999999999
v 0.20942937499999997 1.192184375 0.62337875
v 0.209395 1.192185625 0.65619125
v 0.20936062500000002 1.1921875 0.68900375
v 0.148151875 1.225 0.690564375
v 0.14765 1.225 0.9921249999999999
v 0.2094975 1.192180625 0.50150375
v 0.20995375 1.318743125 0.501064375
v 0.20991937500000002 1.318745 0.5901268749999999
v 0.20988562500000002 1.318746875 0.622939375
v 0.20985125 1.318748125 0.655751875
v 0.2098175 1.31875 0.688564375
v 0.14954937499999998 1.2875 0.690124375
v 0.1490475 1.2875 0.9916849999999999
v 0.18066375 1.192184375 0.62331625
v 0.06560250000000001 1.192184375 0.623065
v 0.040820625 1.3125 1.071484375
v 0.03125 1.3125 1.104296875
v 0.03125 1.3125 1.15625
v 0.03125 1.3125 1.7828125
v 0.03125 1.1766925 1.907303125
v 0.04166687499999999 1.172384375 1.84875125
v 0.05351562500000001 1.3125 1.038671875
v 0.05351562500000001 1.21875 1.038671875
v 0.05351562500000001 1.125 1.038671875
v 0.05351562500000001 0.25 1.038671875
v 0.040820625 0.25 1.071484375
v 0.03125 0.25 1.104296875
v 0.03125 0.25 1.15625
v 0.03125 0.25 0.5
v 0.03125 0 0.5
v 0.03125 0 1.15625
v 0.03125 0 1.78125
v 0.03125 0.18125 2.015625
v 0.03125 0.25 2.015625
v 0.03125 1.125 1.9546875
v 0.04166687499999999 1.16060125 1.87244375
v 0.15416687499999998 1.5234375 0.5609375
v 0.15416687499999998 1.5234375 0.5015625
v 0.20666687500000003 1.30625 0.6203125
v 0.20666687500000003 1.30625 0.4421875
v 0.09583312500000002 1.5234375 0.5609375
v 0.09583312500000002 1.5234375 0.5015625
v 0.04333312499999997 1.30625 0.6203125
v 0.04333312499999997 1.30625 0.4421875
v 0.1640625 1.5234375 0.53125
v 0.234375 1.30625 0.53125
v 0.015625 1.30625 0.53125
v 0.0859375 1.5234375 0.53125
v 0.125 1.5234375 0.57083375
v 0.125 1.30625 0.65
v 0.125 1.30625 0.53125
v 0.125 1.30625 0.4125
v 0.125 1.5234375 0.49166625
v 0.125 1.5234375 0.53125
v 0.0625 1.16490875 1.868495
v 0.19921875 1.41484375 0.53125
v 0.18041687499999998 1.41484375 0.590625
v 0.125 1.41484375 0.610416875
v 0.06958312500000002 1.41484375 0.590625
v 0.05078125 1.41484375 0.53125
v 0.06958312500000002 1.41484375 0.471875
v 0.125 1.41484375 0.45208312500000003
v 0.18041687499999998 1.41484375 0.471875
v 0.16729187499999998 1.469140625 0.57578125
v 0.181640625 1.469140625 0.53125
v 0.16729187499999998 1.469140625 0.48671875
v 0.125 1.469140625 0.471875
v 0.08270812500000002 1.469140625 0.48671875
v 0.068359375 1.469140625 0.53125
v 0.08270812500000002 1.469140625 0.57578125
v 0.125 1.469140625 0.590625
vt 0.125 0.1484375
vt 0.140625 0.1484375
vt 0.140625 0.2421875
vt 0.125 0.2421875
vt 0.125 0.1484375
vt 0.125 0.1484375
vt 0.125 0.2421875
vt 0.125 0.2421875
vt 0.140625 0.1484375
vt 0.15625 0.1484375
vt 0.15625 0.2421875
vt 0.140625 0.2421875
vt 0.140625 0.1484375
vt 0.140625 0.1484375
vt 0.140625 0.2421875
vt 0.140625 0.2421875
vt 0.140625 0.2421875
vt 0.125 0.2421875
vt 0.125 0.2421875
vt 0.140625 0.2421875
vt 0.15625 0.2421875
vt 0.140625 0.2421875
vt 0.140625 0.2421875
vt 0.15625 0.2421875
vt 0.125 0.125
vt 0.1640625 0.125
vt 0.1640625 0.2421875
vt 0.125 0.2421875
vt 0.125 0.125
vt 0.125 0.125
vt 0.125 0.2421875
vt 0.125 0.2421875
vt 0.1640625 0.125
vt 0.203125 0.125
vt 0.203125 0.2421875
vt 0.1640625 0.2421875
vt 0.1640625 0.125
vt 0.1640625 0.125
vt 0.1640625 0.2421875
vt 0.1640625 0.2421875
vt 0.1640625 0.2421875
vt 0.125 0.2421875
vt 0.125 0.2421875
vt 0.1640625 0.2421875
vt 0.203125 0.2421875
vt 0.1640625 0.2421875
vt 0.1640625 0.2421875
vt 0.203125 0.2421875
vt 0.140625 0.1484375
vt 0.125 0.1484375
vt 0.125 0.2421875
vt 0.140625 0.2421875
vt 0.140625 0.1484375
vt 0.140625 0.1484375
vt 0.140625 0.2421875
vt 0.140625 0.2421875
vt 0.15625 0.1484375
vt 0.140625 0.1484375
vt 0.140625 0.2421875
vt 0.15625 0.2421875
vt 0.125 0.1484375
vt 0.125 0.1484375
vt 0.125 0.2421875
vt 0.125 0.2421875
vt 0.125 0.2421875
vt 0.140625 0.2421875
vt 0.140625 0.2421875
vt 0.125 0.2421875
vt 0.140625 0.2421875
vt 0.15625 0.2421875
vt 0.15625 0.2421875
vt 0.140625 0.2421875
vt 0.1640625 0.125
vt 0.125 0.125
vt 0.125 0.2421875
vt 0.1640625 0.2421875
vt 0.1640625 0.125
vt 0.1640625 0.125
vt 0.1640625 0.2421875
vt 0.1640625 0.2421875
vt 0.203125 0.125
vt 0.1640625 0.125
vt 0.1640625 0.2421875
vt 0.203125 0.2421875
vt 0.125 0.125
vt 0.125 0.125
vt 0.125 0.2421875
vt 0.125 0.2421875
vt 0.125 0.2421875
vt 0.1640625 0.2421875
vt 0.1640625 0.2421875
vt 0.125 0.2421875
vt 0.1640625 0.2421875
vt 0.203125 0.2421875
vt 0.203125 0.2421875
vt 0.1640625 0.2421875
vt 0.106445625 0.8032225
vt 0.106445625 0.82910125
vt 0.055175625 0.82910125
vt 0.055175625 0.8032225
vt 0.106445625 0.8032225
vt 0.106445625 0.82910125
vt 0.055175625 0.82910125
vt 0.055175625 0.8032225
vt 0.106445625 0.816161875
vt 0.106445625 0.82910125
vt 0.055175625 0.82910125
vt 0.055175625 0.816161875
vt 0.106445625 0.816161875
vt 0.106445625 0.82910125
vt 0.055175625 0.82910125
vt 0.055175625 0.816161875
vt 0.106445625 0.8032225
vt 0.106445625 0.82910125
vt 0.055175625 0.82910125
vt 0.055175625 0.8032225
vt 0.106445625 0.8032225
vt 0.106445625 0.82910125
vt 0.055175625 0.82910125
vt 0.055175625 0.8032225
vt 0.106445625 0.8032225
vt 0.106445625 0.82910125
vt 0.055175625 0.82910125
vt 0.055175625 0.8032225
vt 0.106445625 0.8032225
vt 0.106445625 0.82910125
vt 0.055175625 0.82910125
vt 0.055175625 0.8032225
vt 0.106445625 0.816161875
vt 0.106445625 0.82910125
vt 0.055175625 0.82910125
vt 0.055175625 0.816161875
vt 0.106445625 0.816161875
vt 0.106445625 0.82910125
vt 0.055175625 0.82910125
vt 0.055175625 0.816161875
vt 0.106445625 0.8032225
vt 0.106445625 0.82910125
vt 0.055175625 0.82910125
vt 0.055175625 0.8032225
vt 0.106445625 0.8032225
vt 0.106445625 0.82910125
vt 0.055175625 0.82910125
vt 0.055175625 0.8032225
vt 0.12330125 0.77495125
vt 0.126220625 0.77495125
vt 0.093709375 0.821613125
vt 0.08563 0.809216875
vt 0.244588125 0.87744125
vt 0.259745 0.87744125
vt 0.259745 0.78378
vt 0.244588125 0.78378
vt 1.84375 0.875
vt 1.765625 0.875
vt 1.765625 0.625
vt 1.84375 0.625
vt 0.742431875 0.142578125
vt 0.746704375 0.142578125
vt 0.746704375 0.16064437499999995
vt 0.742431875 0.16064437499999995
vt 0.08203125 0.82583375
vt 0.08429125 0.83823
vt 0.08203125 0.84765625
vt 0.08203125 0.84765625
vt 0.089000625 0.8299212499999999
vt 0.091355 0.8257675
vt 0.126220625 0.84765625
vt 0.126220625 0.84765625
vt 0.05400375 0.977050625
vt 0.05400375 0.79296875
vt 0.063965 0.79296875
vt 0.063965 0.977050625
vt 0.67515375 0.56640625
vt 0.68436125 0.56640625
vt 0.68436125 0.6484375
vt 0.67515375 0.6484375
vt 0.08203125 0.832031875
vt 0.08833125 0.844428125
vt 0.0864475 0.84765625
vt 0.08203125 0.835355
vt 0.15970875 0.779096875
vt 0.144551875 0.779096875
vt 0.144551875 0.77441375
vt 0.15970875 0.77441375
vt 0.05400375 0.977050625
vt 0.05400375 0.79296875
vt 0.063965 0.79296875
vt 0.063965 0.977050625
vt 0.128418125 0.734375
vt 0.128418125 0.8642575
vt 0.049805 0.8642575
vt 0.049805 0.734375
vt 0.19213875 0.806640625
vt 0.169555625 0.806640625
vt 0.169555625 0.765136875
vt 0.19213875 0.765136875
vt 0.08631125 0.84132875
vt 0.0844275 0.844651875
vt 0.082408125 0.841553125
vt 0.08429125 0.83823
vt 0.1938475 0.95849625
vt 0.14746125 0.95849625
vt 0.14746125 0.931640625
vt 0.1938475 0.931640625
vt 0.7421875 0.142578125
vt 0.7492675 0.142578125
vt 0.7492675 0.256835625
vt 0.7421875 0.256835625
vt 0.69433625 0.256835625
vt 0.673828125 0.256835625
vt 0.673828125 0.14111312499999995
vt 0.69433625 0.14111312499999995
vt 0.08631125 0.84132875
vt 0.0844275 0.844651875
vt 0.082408125 0.841553125
vt 0.08429125 0.83823
vt 0.08203125 0.804364375
vt 0.0864475 0.84765625
vt 0.084564375 0.84765625
vt 0.08203125 0.807688125
vt 0.125 0.9375
vt 0.0625 0.9375
vt 0.0625 0.875
vt 0.125 0.875
vt 0.08833125 0.844428125
vt 0.08203125 0.80104125
vt 0.08203125 0.7977181250000001
vt 0.090215 0.841104375
vt 0.0864475 0.84765625
vt 0.0854375 0.846201875
vt 0.08732125 0.842878125
vt 0.08833125 0.844428125
vt 0.08203125 0.807688125
vt 0.08203125 0.8060262499999999
vt 0.085505625 0.84765625
vt 0.084564375 0.84765625
vt 0.125 0.875
vt 0.125 0.90625
vt 0.0625 0.90625
vt 0.0625 0.875
vt 0.090215 0.841104375
vt 0.089273125 0.8427662499999999
vt 0.08203125 0.799379375
vt 0.08203125 0.7977181250000001
vt 0.08429125 0.83823
vt 0.086175 0.83490625
vt 0.088195 0.838005625
vt 0.08631125 0.84132875
vt 0.1875 0.875
vt 0.1875 0.90625
vt 0.125 0.90625
vt 0.125 0.875
vt 0.125 0.875
vt 0.1875 0.875
vt 0.1875 0.9375
vt 0.125 0.9375
vt 0.126220625 0.84765625
vt 0.126220625 0.84765625
vt 0.08664625 0.834075625
vt 0.089000625 0.8299212499999999
vt 1.84375 0.625
vt 1.921875 0.625
vt 1.921875 0.875
vt 1.84375 0.875
vt 0.244588125 0.78378
vt 0.22943125 0.78378
vt 0.22943125 0.87744125
vt 0.244588125 0.87744125
vt 0.15970875 0.77441375
vt 0.174865625 0.77441375
vt 0.174865625 0.779096875
vt 0.15970875 0.779096875
vt 0.19213875 0.765136875
vt 0.214721875 0.765136875
vt 0.214721875 0.806640625
vt 0.19213875 0.806640625
vt 0.742431875 0.16064437499999995
vt 0.738159375 0.16064437499999995
vt 0.738159375 0.142578125
vt 0.742431875 0.142578125
vt 0.7421875 0.256835625
vt 0.7351075 0.256835625
vt 0.7351075 0.142578125
vt 0.7421875 0.142578125
vt 0.67515375 0.6484375
vt 0.665945625 0.6484375
vt 0.665945625 0.56640625
vt 0.67515375 0.56640625
vt 0.08429125 0.83823
vt 0.086175 0.83490625
vt 0.088195 0.838005625
vt 0.08631125 0.84132875
vt 0.08833125 0.844428125
vt 0.08732125 0.842878125
vt 0.089205 0.839555
vt 0.090215 0.841104375
vt 0.0844275 0.844651875
vt 0.08348625 0.84631375
vt 0.08203125 0.843215
vt 0.082408125 0.841553125
vt 0.0864475 0.84765625
vt 0.085505625 0.84765625
vt 0.08449625 0.84765625
vt 0.0854375 0.846201875
vt 0.0844275 0.844651875
vt 0.08348625 0.84631375
vt 0.08203125 0.843215
vt 0.082408125 0.841553125
vt 0.68436125 0.56640625
vt 0.688965 0.56640625
vt 0.688965 0.6484375
vt 0.68436125 0.6484375
vt 0.7492675 0.142578125
vt 0.7528075 0.142578125
vt 0.7528075 0.256835625
vt 0.7492675 0.256835625
vt 0.746704375 0.142578125
vt 0.748840625 0.142578125
vt 0.748840625 0.16064437499999995
vt 0.746704375 0.16064437499999995
vt 0.169555625 0.806640625
vt 0.158264375 0.806640625
vt 0.158264375 0.765136875
vt 0.169555625 0.765136875
vt 0.144551875 0.779096875
vt 0.136973125 0.779096875
vt 0.136973125 0.77441375
vt 0.144551875 0.77441375
vt 0.259745 0.87744125
vt 0.26732375 0.87744125
vt 0.26732375 0.78378
vt 0.259745 0.78378
vt 1.765625 0.875
vt 1.7265625 0.875
vt 1.7265625 0.625
vt 1.765625 0.625
vt 0.091355 0.8257675
vt 0.092531875 0.82369
vt 0.126220625 0.84765625
vt 0.126220625 0.84765625
vt 0.0625 0.9375
vt 0.03125 0.9375
vt 0.03125 0.875
vt 0.0625 0.875
vt 0.0625 0.90625
vt 0.03125 0.90625
vt 0.03125 0.875
vt 0.0625 0.875
vt 0.09007875 0.834681875
vt 0.088195 0.838005625
vt 0.086175 0.83490625
vt 0.08805875 0.831583125
vt 0.25 0.875
vt 0.25 0.90625
vt 0.1875 0.90625
vt 0.1875 0.875
vt 0.25 0.9375
vt 0.1875 0.9375
vt 0.1875 0.875
vt 0.25 0.875
vt 0.08429125 0.83823
vt 0.08664625 0.834075625
vt 0.126220625 0.84765625
vt 0.124689375 0.84765625
vt 2 0.875
vt 1.921875 0.875
vt 1.921875 0.625
vt 2 0.625
vt 0.214274375 0.87744125
vt 0.22943125 0.87744125
vt 0.22943125 0.78378
vt 0.214274375 0.78378
vt 0.1900225 0.779096875
vt 0.174865625 0.779096875
vt 0.174865625 0.77441375
vt 0.1900225 0.77441375
vt 0.237305 0.806640625
vt 0.214721875 0.806640625
vt 0.214721875 0.765136875
vt 0.237305 0.765136875
vt 0.733886875 0.142578125
vt 0.738159375 0.142578125
vt 0.738159375 0.16064437499999995
vt 0.733886875 0.16064437499999995
vt 0.7280275 0.142578125
vt 0.7351075 0.142578125
vt 0.7351075 0.256835625
vt 0.7280275 0.256835625
vt 0.656738125 0.56640625
vt 0.665945625 0.56640625
vt 0.665945625 0.6484375
vt 0.656738125 0.6484375
vt 0.09007875 0.834681875
vt 0.088195 0.838005625
vt 0.086175 0.83490625
vt 0.08805875 0.831583125
vt 0.090215 0.841104375
vt 0.089205 0.839555
vt 0.09108875 0.836231875
vt 0.092098125 0.83778125
vt 0.08203125 0.80104125
vt 0.08203125 0.799379375
vt 0.089273125 0.8427662499999999
vt 0.08833125 0.844428125
vt 0.09007875 0.834681875
vt 0.09108875 0.836231875
vt 0.089205 0.839555
vt 0.088195 0.838005625
vt 0.088195 0.838005625
vt 0.089205 0.839555
vt 0.08732125 0.842878125
vt 0.08631125 0.84132875
vt 0.08631125 0.84132875
vt 0.08732125 0.842878125
vt 0.0854375 0.846201875
vt 0.0844275 0.844651875
vt 0.0854375 0.846201875
vt 0.08449625 0.84765625
vt 0.08348625 0.84631375
vt 0.0844275 0.844651875
vt 0.0864475 0.84765625
vt 0.085505625 0.84765625
vt 0.08203125 0.8060262499999999
vt 0.08203125 0.804364375
vt 0.0625 0.9375
vt 0.03125 0.9375
vt 0.03125 0.90625
vt 0.0625 0.90625
vt 0.0625 0.9375
vt 0.0625 0.90625
vt 0.125 0.90625
vt 0.125 0.9375
vt 0.125 0.9375
vt 0.125 0.90625
vt 0.1875 0.90625
vt 0.1875 0.9375
vt 0.1875 0.9375
vt 0.1875 0.90625
vt 0.25 0.90625
vt 0.25 0.9375
vt 0.68505875 0.45361312499999995
vt 0.68505875 0.47753875
vt 0.66015625 0.47753875
vt 0.66015625 0.45361312499999995
vt 0.113769375 0.93103
vt 0.113769375 0.954040625
vt 0.01416 0.954040625
vt 0.01416 0.93103
vt 0.0830625 0.84706125
vt 0.084071875 0.84765625
vt 0.083554375 0.84765625
vt 0.082544375 0.84765625
vt 0.086829375 0.840415
vt 0.087839375 0.841964375
vt 0.08732125 0.842878125
vt 0.08631125 0.84132875
vt 0.085634375 0.842523125
vt 0.086644375 0.8440725
vt 0.0854375 0.846201875
vt 0.0844275 0.844651875
vt 0.083750625 0.84584625
vt 0.084760625 0.84739625
vt 0.083554375 0.84765625
vt 0.082544375 0.84765625
vt 0.08381875 0.845726875
vt 0.08482875 0.84727625
vt 0.083554375 0.84765625
vt 0.082544375 0.84765625
vt 0.085585 0.84594125
vt 0.08457 0.84765625
vt 0.08356 0.84618375
vt 0.084575 0.844391875
vt 0.084063125 0.845295625
vt 0.085073125 0.846845
vt 0.083554375 0.84765625
vt 0.082544375 0.84765625
vt 0.085946875 0.8419725
vt 0.086956875 0.843521875
vt 0.0854375 0.846201875
vt 0.0844275 0.844651875
vt 0.0857025 0.84240375
vt 0.086711875 0.843953125
vt 0.0854375 0.846201875
vt 0.0844275 0.844651875
vt 0.08645875 0.841068125
vt 0.08746875 0.8426175
vt 0.0854375 0.846201875
vt 0.0844275 0.844651875
vt 0.85546875 0.552409375
vt 0.8573025 0.55559625
vt 0.85546875 0.56005875
vt 0.86097 0.56005875
vt 0.85546875 0.56005875
vt 0.85546875 0.5584781249999999
vt 0.86097 0.5569999999999999
vt 0.8673175 0.54549
vt 0.872129375 0.550293125
vt 0.873046875 0.538580625
vt 0.867766875 0.537155
vt 0.86647125 0.56005875
vt 0.86097 0.56005875
vt 0.86097 0.55938625
vt 0.86647125 0.5584781249999999
vt 0.88112 0.5504512500000001
vt 0.876106875 0.553710625
vt 0.87561875 0.5377881250000001
vt 0.88063125 0.538329375
vt 0.8719725 0.56005875
vt 0.86647125 0.56005875
vt 0.8719725 0.55938625
vt 0.86097 0.55380625
vt 0.86647125 0.5510349999999999
vt 0.86647125 0.5563631250000001
vt 0.86097 0.56005875
vt 0.86647125 0.552316875
vt 0.86097 0.5532406249999999
vt 0.86097 0.54698875
vt 0.86647125 0.54698875
vt 0.85546875 0.55473
vt 0.86097 0.550218125
vt 0.86097 0.5540425
vt 0.85546875 0.56005875
vt 0.86097 0.551736875
vt 0.85546875 0.5532406249999999
vt 0.85546875 0.5479125
vt 0.86097 0.5479125
vt 0.85546875 0.5562337500000001
vt 0.858219375 0.5562337500000001
vt 0.8573025 0.55942125
vt 0.85546875 0.56005875
vt 0.113769375 0.977050625
vt 0.01416 0.977050625
vt 0.01416 0.93103
vt 0.113769375 0.93103
vt 0.05151375 0.977050625
vt 0.01416 0.977050625
vt 0.01416 0.93103
vt 0.05151375 0.93103
vt 0.86647125 0.545716875
vt 0.867846875 0.55278
vt 0.86647125 0.56005875
vt 0.127236875 0.9375
vt 0.003843125 0.9375
vt 0 0.875118125
vt 0.127030625 0.8752925
vt 0.12622625 1
vt 0.0625 0.97793125
vt 0.0625 0.915429375
vt 0.12622625 0.937498125
vt 0.102555625 0.9375
vt 0 0.9375
vt 0.00024375 0.87500625
vt 0.109075625 0.875426875
vt 0.672046875 0.47673
vt 0.668591875 0.47753875
vt 0.665136875 0.45361312499999995
vt 0.665136875 0.45361312499999995
vt 0.672046875 0.45361312499999995
vt 0.672046875 0.47673
vt 0.856514375 0.5457525
vt 0.860883125 0.546209375
vt 0.860883125 0.56005875
vt 0.85546875 0.55885125
vt 0.86097 0.545345
vt 0.866453125 0.54532375
vt 0.866453125 0.559496875
vt 0.861946875 0.561035
vt 0.02798125 0.954040625
vt 0.01416 0.93103
vt 0.041801875 0.93103
vt 0.85546875 0.5569999999999999
vt 0.858219375 0.555120625
vt 0.858219375 0.56005875
vt 0.85546875 0.56005875
vt 0.85546875 0.5562337500000001
vt 0.8573025 0.551771875
vt 0.858219375 0.552409375
vt 0.85546875 0.56005875
vt 0.0126 0.96875
vt 0.0189 0.96875
vt 0.0189 1
vt 0.0126 1
vt 0.0864475 0.84765625
vt 0.0854375 0.846201875
vt 0.08746875 0.8426175
vt 0.08847875 0.8441675
vt 0.0864475 0.84765625
vt 0.0854375 0.846201875
vt 0.086711875 0.843953125
vt 0.087721875 0.8455025
vt 0.0864475 0.84765625
vt 0.0854375 0.846201875
vt 0.086644375 0.8440725
vt 0.087654375 0.8456224999999999
vt 0.08833125 0.844428125
vt 0.08732125 0.842878125
vt 0.087839375 0.841964375
vt 0.088849375 0.8435137500000001
vt 0.66015625 0.501465
vt 0.66015625 0.47753875
vt 0.68505875 0.47753875
vt 0.68505875 0.501465
vt 0.672046875 0.501465
vt 0.668591875 0.47753875
vt 0.672046875 0.47673
vt 0.086595 0.84749125
vt 0.085579375 0.84765625
vt 0.08457 0.84765625
vt 0.085585 0.84594125
vt 0.084564375 0.84765625
vt 0.083554375 0.84765625
vt 0.08482875 0.84727625
vt 0.08583875 0.84765625
vt 0.084564375 0.84765625
vt 0.083554375 0.84765625
vt 0.084760625 0.84739625
vt 0.085770625 0.84765625
vt 0.084564375 0.84765625
vt 0.083554375 0.84765625
vt 0.084071875 0.84765625
vt 0.085081875 0.84765625
vt 0.01416 0.977050625
vt 0.01416 0.954040625
vt 0.113769375 0.954040625
vt 0.113769375 0.977050625
vt 0.02798125 0.954040625
vt 0.01416 0.977050625
vt 0.01416 0.93103
vt 0.084564375 0.84765625
vt 0.08203125 0.846425625
vt 0.083418125 0.8431025
vt 0.0864475 0.84765625
vt 0.083418125 0.8431025
vt 0.0864475 0.84765625
vt 0.084564375 0.84765625
vt 0.08203125 0.846425625
vt 0.08467625 0.84421375
vt 0.08669625 0.8473125
vt 0.0851775 0.84765625
vt 0.08481875 0.845251875
vt 0.082653125 0.84765625
vt 0.08238 0.847385625
vt 0.08481875 0.845251875
vt 0.0864475 0.84765625
vt 0.084564375 0.84765625
vt 0.083906875 0.84765625
vt 0.0822775 0.847566875
vt 0.08416125 0.844243125
vt 0.05040125 0.9375025
vt 0.008843125 0.999575
vt 0 1
vt 0.084564375 0.84765625
vt 0.082544375 0.84765625
vt 0.084063125 0.845295625
vt 0.0844275 0.844651875
vt 0.0864475 0.84765625
vt 0.084564375 0.84765625
vt 0.082544375 0.84765625
vt 0.08405875 0.84765625
vt 0.08380625 0.84765625
vt 0.08569 0.846588125
vt 0.0859425 0.846975625
vt 0.084564375 0.84765625
vt 0.08254375 0.84765625
vt 0.084410625 0.8446256249999999
vt 0.08643125 0.84765625
vt 0.0830425 0.84709625
vt 0.08328375 0.84667
vt 0.08528875 0.84765625
vt 0.0850475 0.84765625
vt 0.088011875 0.839859375
vt 0.088011875 0.86962875
vt 0.06543 0.86962875
vt 0.06543 0.839859375
vt 0.06543 0.8621825
vt 0.065430625 0.858459375
vt 0.088013125 0.858460625
vt 0.088013125 0.862183125
vt 0.06543 0.86962875
vt 0.06543 0.83985
vt 0.08801125 0.839605625
vt 0.08801125 0.869385
vt 0.071405 0.839859375
vt 0.07430125 0.839859375
vt 0.074118125 0.86962875
vt 0.071221875 0.86962875
vt 0.065430625 0.854744375
vt 0.06543 0.847301875
vt 0.111215625 0.847301875
vt 0.111215625 0.854744375
vt 0.127789375 0.854744375
vt 0.11739625 0.854744375
vt 0.11739625 0.847301875
vt 0.127789375 0.847301875
vt 0.076720625 0.869571875
vt 0.071075 0.8696
vt 0.071075 0.8093168749999999
vt 0.076720625 0.809288125
vt 0.085654375 0.847301875
vt 0.09574875 0.847301875
vt 0.095736875 0.854744375
vt 0.0856425 0.854744375
vt 0.1070025 0.854744375
vt 0.096609375 0.854744375
vt 0.096609375 0.847301875
vt 0.1070025 0.847301875
vt 0.065430625 0.85473625
vt 0.06543125 0.851013125
vt 0.088013125 0.851015
vt 0.088013125 0.8547375
vt 0.08355375 0.84765625
vt 0.08330125 0.84765625
vt 0.085184375 0.845813125
vt 0.0854375 0.846200625
vt 0.084063125 0.845295625
vt 0.085828125 0.84765625
vt 0.085575 0.84765625
vt 0.0252 0.96875
vt 0.0315 0.96875
vt 0.0315 1
vt 0.0252 1
vt 0.111850625 0.953125
vt 0.13978875 0.953125
vt 0.139755 0.96875
vt 0.1118175 0.96875
vt 0.0771975 0.839859375
vt 0.08009375 0.839859375
vt 0.079910625 0.86962875
vt 0.077014375 0.86962875
vt 0.083525625 0.84624375
vt 0.083766875 0.8458175
vt 0.085771875 0.84765625
vt 0.085530625 0.84765625
vt 0.08481875 0.845251875
vt 0.083745 0.84765625
vt 0.0834725 0.84765625
vt 0.08621625 0.854744375
vt 0.075823125 0.854744375
vt 0.075823125 0.847301875
vt 0.08621625 0.847301875
vt 0.06543125 0.84729
vt 0.065431875 0.843566875
vt 0.088013125 0.843569375
vt 0.088013125 0.847291875
vt 0.083048125 0.84765625
vt 0.082795625 0.84765625
vt 0.084679375 0.845038125
vt 0.084931875 0.845425625
vt 0.084063125 0.845295625
vt 0.08633375 0.847635625
vt 0.086080625 0.84765625
vt 0.0378 0.96875
vt 0.0441 0.96875
vt 0.0441 1
vt 0.0378 1
vt 0.1260325 0.847301875
vt 0.136126875 0.847301875
vt 0.136114375 0.854744375
vt 0.12602 0.854744375
vt 0.08299 0.839859375
vt 0.08588625 0.839859375
vt 0.085703125 0.86962875
vt 0.082806875 0.86962875
vt 0.08400875 0.845391875
vt 0.08425 0.8449656249999999
vt 0.086255 0.84765625
vt 0.08601375 0.84765625
vt 0.08481875 0.845251875
vt 0.083199375 0.84765625
vt 0.08292625 0.84765625
vt 0.127789375 0.86962875
vt 0.11739625 0.86962875
vt 0.11739625 0.862186875
vt 0.127789375 0.862186875
vt 0.065431875 0.86962875
vt 0.06543125 0.862186875
vt 0.111215625 0.862186875
vt 0.111215625 0.86962875
vt 0.085630625 0.862186875
vt 0.095725 0.862186875
vt 0.0957125 0.86962875
vt 0.085618125 0.86962875
vt 0.105819375 0.862186875
vt 0.11591375 0.862186875
vt 0.11590125 0.86962875
vt 0.105806875 0.86962875
vt 0.126008125 0.862186875
vt 0.1361025 0.862186875
vt 0.13609 0.86962875
vt 0.125995625 0.86962875
vt 0.088011875 0.8695143750000001
vt 0.08236625 0.869543125
vt 0.08236625 0.809259375
vt 0.088011875 0.8092312500000001
vt 0.08621625 0.86962875
vt 0.075823125 0.86962875
vt 0.075823125 0.862186875
vt 0.08621625 0.862186875
vt 0.1070025 0.86962875
vt 0.096609375 0.86962875
vt 0.096609375 0.862186875
vt 0.1070025 0.862186875
vt 0.148575625 0.854744375
vt 0.1381825 0.854744375
vt 0.1381825 0.847301875
vt 0.148575625 0.847301875
vt 0 0.96875
vt 0.0063 0.96875
vt 0.0063 1
vt 0 1
vt 0.065465 0.847301875
vt 0.07556 0.847301875
vt 0.075548125 0.854744375
vt 0.065453125 0.854744375
vt 0.06544125 0.862186875
vt 0.07553625 0.862186875
vt 0.07552375 0.86962875
vt 0.06543 0.86962875
vt 0.0656125 0.839859375
vt 0.06850875 0.839859375
vt 0.068325625 0.86962875
vt 0.06543 0.86962875
vt 0.082559375 0.84765625
vt 0.082800625 0.8475225
vt 0.084805625 0.84765625
vt 0.084564375 0.84765625
vt 0.08481875 0.845251875
vt 0.08429125 0.84765625
vt 0.084018125 0.84765625
vt 0.148575625 0.86962875
vt 0.1381825 0.86962875
vt 0.1381825 0.862186875
vt 0.148575625 0.862186875
vt 0.06543 0.86962875
vt 0.06543 0.865905625
vt 0.088013125 0.86590625
vt 0.088013125 0.86962875
vt 0.084564375 0.84765625
vt 0.08431125 0.84765625
vt 0.086195 0.84736375
vt 0.0864475 0.84765625
vt 0.084063125 0.845295625
vt 0.0853225 0.84765625
vt 0.085069375 0.84765625
vt 0.127789375 0.847301875
vt 0.11739625 0.847301875
vt 0.11739625 0.839859375
vt 0.127789375 0.839859375
vt 0.1070025 0.847301875
vt 0.096609375 0.847301875
vt 0.096609375 0.839859375
vt 0.1070025 0.839859375
vt 0.05753 0.953125
vt 0.028765 0.953125
vt 0.028765 0.9375
vt 0.05753 0.9375
vt 0.06543 0.809345625
vt 0.071075 0.8093168749999999
vt 0.071075 0.8696
vt 0.06543 0.86962875
vt 0.16776125 0.9375
vt 0.195699375 0.9375
vt 0.195665 0.953125
vt 0.167726875 0.953125
vt 0.111884375 0.9375
vt 0.1398225 0.9375
vt 0.13978875 0.953125
vt 0.111850625 0.953125
vt 0.056008125 0.9375
vt 0.08394625 0.9375
vt 0.0839125 0.953125
vt 0.055974375 0.953125
vt 0.065476875 0.839859375
vt 0.075571875 0.839859375
vt 0.07556 0.847301875
vt 0.065465 0.847301875
vt 0.111215625 0.839859375
vt 0.111215625 0.847301875
vt 0.06543 0.847301875
vt 0.06543 0.839859375
vt 0.238908125 0.858398125
vt 0.210143125 0.858398125
vt 0.210143125 0.842773125
vt 0.238908125 0.842773125
vt 0.127789375 0.862186875
vt 0.11739625 0.862186875
vt 0.11739625 0.854744375
vt 0.127789375 0.854744375
vt 0.1070025 0.862186875
vt 0.096609375 0.862186875
vt 0.096609375 0.854744375
vt 0.1070025 0.854744375
vt 0.08621625 0.862186875
vt 0.075823125 0.862186875
vt 0.075823125 0.854744375
vt 0.08621625 0.854744375
vt 0.076720625 0.809288125
vt 0.08236625 0.809259375
vt 0.08236625 0.869543125
vt 0.076720625 0.869571875
vt 0.12602 0.854744375
vt 0.136114375 0.854744375
vt 0.1361025 0.862186875
vt 0.126008125 0.862186875
vt 0.10583125 0.854744375
vt 0.115925625 0.854744375
vt 0.11591375 0.862186875
vt 0.105819375 0.862186875
vt 0.0856425 0.854744375
vt 0.095736875 0.854744375
vt 0.095725 0.862186875
vt 0.085630625 0.862186875
vt 0.065453125 0.854744375
vt 0.075548125 0.854744375
vt 0.07553625 0.862186875
vt 0.06544125 0.862186875
vt 0.111215625 0.854744375
vt 0.111215625 0.862186875
vt 0.06543125 0.862186875
vt 0.065430625 0.854744375
vt 0.148575625 0.862186875
vt 0.1381825 0.862186875
vt 0.1381825 0.854744375
vt 0.148575625 0.854744375
vt 0.08621625 0.847301875
vt 0.096609375 0.847301875
vt 0.096609375 0.854744375
vt 0.08621625 0.854744375
vt 0.08621625 0.854744375
vt 0.096609375 0.854744375
vt 0.096609375 0.862186875
vt 0.08621625 0.862186875
vt 0.08621625 0.862186875
vt 0.096609375 0.862186875
vt 0.096609375 0.86962875
vt 0.08621625 0.86962875
vt 0.088013125 0.847291875
vt 0.088013125 0.851015
vt 0.06543125 0.851013125
vt 0.06543125 0.84729
vt 0.084931875 0.845425625
vt 0.085184375 0.845813125
vt 0.08330125 0.84765625
vt 0.083048125 0.84765625
vt 0.086080625 0.84765625
vt 0.085828125 0.84765625
vt 0.084063125 0.845295625
vt 0.08621625 0.839859375
vt 0.096609375 0.839859375
vt 0.096609375 0.847301875
vt 0.08621625 0.847301875
vt 0.0378 1
vt 0.0315 1
vt 0.0315 0.96875
vt 0.0378 0.96875
vt 0.167726875 0.953125
vt 0.13978875 0.953125
vt 0.1398225 0.9375
vt 0.16776125 0.9375
vt 0.12602 0.854744375
vt 0.115925625 0.854744375
vt 0.115938125 0.847301875
vt 0.1260325 0.847301875
vt 0.126008125 0.862186875
vt 0.11591375 0.862186875
vt 0.115925625 0.854744375
vt 0.12602 0.854744375
vt 0.125995625 0.86962875
vt 0.11590125 0.86962875
vt 0.11591375 0.862186875
vt 0.126008125 0.862186875
vt 0.082806875 0.86962875
vt 0.079910625 0.86962875
vt 0.08009375 0.839859375
vt 0.08299 0.839859375
vt 0.08601375 0.84765625
vt 0.085771875 0.84765625
vt 0.083766875 0.8458175
vt 0.08400875 0.845391875
vt 0.0834725 0.84765625
vt 0.083199375 0.84765625
vt 0.08481875 0.845251875
vt 0.1070025 0.847301875
vt 0.11739625 0.847301875
vt 0.11739625 0.854744375
vt 0.1070025 0.854744375
vt 0.1070025 0.854744375
vt 0.11739625 0.854744375
vt 0.11739625 0.862186875
vt 0.1070025 0.862186875
vt 0.1070025 0.862186875
vt 0.11739625 0.862186875
vt 0.11739625 0.86962875
vt 0.1070025 0.86962875
vt 0.088013125 0.8547375
vt 0.088013125 0.858460625
vt 0.065430625 0.858459375
vt 0.065430625 0.85473625
vt 0.0854375 0.846200625
vt 0.08569 0.846588125
vt 0.08380625 0.84765625
vt 0.08355375 0.84765625
vt 0.085575 0.84765625
vt 0.0853225 0.84765625
vt 0.084063125 0.845295625
vt 0.1070025 0.839859375
vt 0.11739625 0.839859375
vt 0.11739625 0.847301875
vt 0.1070025 0.847301875
vt 0.0252 1
vt 0.0189 1
vt 0.0189 0.96875
vt 0.0252 0.96875
vt 0.111850625 0.953125
vt 0.0839125 0.953125
vt 0.08394625 0.9375
vt 0.111884375 0.9375
vt 0.1118175 0.96875
vt 0.083879375 0.96875
vt 0.0839125 0.953125
vt 0.111850625 0.953125
vt 0.105819375 0.862186875
vt 0.095725 0.862186875
vt 0.095736875 0.854744375
vt 0.10583125 0.854744375
vt 0.105806875 0.86962875
vt 0.0957125 0.86962875
vt 0.095725 0.862186875
vt 0.105819375 0.862186875
vt 0.077014375 0.86962875
vt 0.074118125 0.86962875
vt 0.07430125 0.839859375
vt 0.0771975 0.839859375
vt 0.085530625 0.84765625
vt 0.08528875 0.84765625
vt 0.08328375 0.84667
vt 0.083525625 0.84624375
vt 0.084018125 0.84765625
vt 0.083745 0.84765625
vt 0.08481875 0.845251875
vt 0.127789375 0.847301875
vt 0.1381825 0.847301875
vt 0.1381825 0.854744375
vt 0.127789375 0.854744375
vt 0.127789375 0.854744375
vt 0.1381825 0.854744375
vt 0.1381825 0.862186875
vt 0.127789375 0.862186875
vt 0.127789375 0.862186875
vt 0.1381825 0.862186875
vt 0.1381825 0.86962875
vt 0.127789375 0.86962875
vt 0.088013125 0.862183125
vt 0.088013125 0.86590625
vt 0.06543 0.865905625
vt 0.06543 0.8621825
vt 0.0859425 0.846975625
vt 0.086195 0.84736375
vt 0.08431125 0.84765625
vt 0.08405875 0.84765625
vt 0.085069375 0.84765625
vt 0.084816875 0.84765625
vt 0.084063125 0.845295625
vt 0.172589375 0.9375
vt 0.20135375 0.9375
vt 0.20135375 0.953125
vt 0.172589375 0.953125
vt 0.0126 1
vt 0.0063 1
vt 0.0063 0.96875
vt 0.0126 0.96875
vt 0.055974375 0.953125
vt 0.02803625 0.953125
vt 0.028069375 0.9375
vt 0.056008125 0.9375
vt 0.0856425 0.854744375
vt 0.075548125 0.854744375
vt 0.07556 0.847301875
vt 0.085654375 0.847301875
vt 0.085630625 0.862186875
vt 0.07553625 0.862186875
vt 0.075548125 0.854744375
vt 0.0856425 0.854744375
vt 0.085618125 0.86962875
vt 0.07552375 0.86962875
vt 0.07553625 0.862186875
vt 0.085630625 0.862186875
vt 0.071221875 0.86962875
vt 0.068325625 0.86962875
vt 0.06850875 0.839859375
vt 0.071405 0.839859375
vt 0.0850475 0.84765625
vt 0.084805625 0.84765625
vt 0.082800625 0.8475225
vt 0.0830425 0.84709625
vt 0.084564375 0.84765625
vt 0.08429125 0.84765625
vt 0.08481875 0.845251875
vt 0.06543 0.847301875
vt 0.075823125 0.847301875
vt 0.075823125 0.854744375
vt 0.06543 0.854744375
vt 0.06543 0.854744375
vt 0.075823125 0.854744375
vt 0.075823125 0.862186875
vt 0.06543 0.862186875
vt 0.06543 0.862186875
vt 0.075823125 0.862186875
vt 0.075823125 0.86962875
vt 0.06543 0.86962875
vt 0.088013125 0.839846875
vt 0.088013125 0.843569375
vt 0.065431875 0.843566875
vt 0.065431875 0.83984375
vt 0.084426875 0.844650625
vt 0.084679375 0.845038125
vt 0.082795625 0.84765625
vt 0.082543125 0.84765625
vt 0.08658625 0.8471443750000001
vt 0.08633375 0.847635625
vt 0.084063125 0.845295625
vt 0 0.9375
vt 0.028765 0.9375
vt 0.028765 0.953125
vt 0 0.953125
vt 0.0504 1
vt 0.0441 1
vt 0.0441 0.96875
vt 0.0504 0.96875
vt 0.146221875 0.847301875
vt 0.136126875 0.847301875
vt 0.136139375 0.839859375
vt 0.14623375 0.839859375
vt 0.146209375 0.854744375
vt 0.136114375 0.854744375
vt 0.136126875 0.847301875
vt 0.146221875 0.847301875
vt 0.146196875 0.862186875
vt 0.1361025 0.862186875
vt 0.136114375 0.854744375
vt 0.146209375 0.854744375
vt 0.146184375 0.86962875
vt 0.13609 0.86962875
vt 0.1361025 0.862186875
vt 0.146196875 0.862186875
vt 0.088599375 0.86962875
vt 0.085703125 0.86962875
vt 0.08588625 0.839859375
vt 0.088781875 0.839859375
vt 0.086496875 0.84765625
vt 0.086255 0.84765625
vt 0.08425 0.8449656249999999
vt 0.084491875 0.844539375
vt 0.08292625 0.84765625
vt 0.082653125 0.84765625
vt 0.08481875 0.845251875
vt 0.0546875 0.86084
vt 0.0859375 0.86084
vt 0.0859375 0.89209
vt 0.0546875 0.89209
vt 0.0546875 0.76709
vt 0.0859375 0.76709
vt 0.0859375 0.82959
vt 0.0546875 0.82959
vt 0.0546875 0.76709
vt 0.09375 0.76709
vt 0.09375 0.82959
vt 0.0546875 0.82959
vt 0.1171875 0.89209
vt 0.0859375 0.89209
vt 0.0859375 0.846820625
vt 0.1171875 0.82959
vt 0.86097 0.54476
vt 0.858219375 0.552409375
vt 0.8573025 0.551771875
vt 0.85913625 0.547309375
vt 0.8573025 0.551771875
vt 0.8573025 0.55559625
vt 0.85546875 0.552409375
vt 0.0546875 0.82959
vt 0.0859375 0.82959
vt 0.0859375 0.86084
vt 0.0546875 0.86084
vt 0.083554375 0.84765625
vt 0.08457 0.84765625
vt 0.085579375 0.84765625
vt 0.084564375 0.84765625
vt 0.082544375 0.84765625
vt 0.08356 0.84618375
vt 0.08457 0.84765625
vt 0.083554375 0.84765625
vt 0.08203125 0.84487625
vt 0.08203125 0.843215
vt 0.08348625 0.84631375
vt 0.082544375 0.84765625
vt 0 0.90625
vt 0.03125 0.90625
vt 0.03125 0.9375
vt 0 0.9375
vt 0 0.875
vt 0.03125 0.875
vt 0.03125 0.90625
vt 0 0.90625
vt 0 0.875
vt 0.03125 0.875
vt 0.03125 0.9375
vt 0 0.9375
vt 0.126220625 0.84765625
vt 0.126220625 0.84765625
vt 0.092531875 0.82369
vt 0.093709375 0.821613125
vt 1.6875 0.625
vt 1.7265625 0.625
vt 1.7265625 0.875
vt 1.6875 0.875
vt 0.2749025 0.78378
vt 0.26732375 0.78378
vt 0.26732375 0.87744125
vt 0.2749025 0.87744125
vt 0.129394375 0.77441375
vt 0.136973125 0.77441375
vt 0.136973125 0.779096875
vt 0.129394375 0.779096875
vt 0.1469725 0.765136875
vt 0.158264375 0.765136875
vt 0.158264375 0.806640625
vt 0.1469725 0.806640625
vt 0.750976875 0.16064437499999995
vt 0.748840625 0.16064437499999995
vt 0.748840625 0.142578125
vt 0.750976875 0.142578125
vt 0.7563475 0.256835625
vt 0.7528075 0.256835625
vt 0.7528075 0.142578125
vt 0.7563475 0.142578125
vt 0.8573025 0.551771875
vt 0.85913625 0.551134375
vt 0.8573025 0.55559625
vt 0.85913625 0.55878375
vt 0.8573025 0.55942125
vt 0.858219375 0.5562337500000001
vt 0.86097 0.5562337500000001
vt 0.093709375 0.821613125
vt 0.126220625 0.77495125
vt 0.12330125 0.77495125
vt 0.08563 0.809216875
vt 0.259745 0.78378
vt 0.259745 0.87744125
vt 0.244588125 0.87744125
vt 0.244588125 0.78378
vt 1.765625 0.625
vt 1.765625 0.875
vt 1.84375 0.875
vt 1.84375 0.625
vt 0.746704375 0.16064437499999995
vt 0.746704375 0.142578125
vt 0.742431875 0.142578125
vt 0.742431875 0.16064437499999995
vt 0.08203125 0.84765625
vt 0.08429125 0.83823
vt 0.08203125 0.82583375
vt 0.08203125 0.84765625
vt 0.126220625 0.84765625
vt 0.091355 0.8257675
vt 0.089000625 0.8299212499999999
vt 0.126220625 0.84765625
vt 0.063965 0.79296875
vt 0.05400375 0.79296875
vt 0.05400375 0.977050625
vt 0.063965 0.977050625
vt 0.68436125 0.6484375
vt 0.68436125 0.56640625
vt 0.67515375 0.56640625
vt 0.67515375 0.6484375
vt 0.0864475 0.84765625
vt 0.08833125 0.844428125
vt 0.08203125 0.832031875
vt 0.08203125 0.835355
vt 0.144551875 0.77441375
vt 0.144551875 0.779096875
vt 0.15970875 0.779096875
vt 0.15970875 0.77441375
vt 0.063965 0.79296875
vt 0.05400375 0.79296875
vt 0.05400375 0.977050625
vt 0.063965 0.977050625
vt 0.049805 0.8642575
vt 0.128418125 0.8642575
vt 0.128418125 0.734375
vt 0.049805 0.734375
vt 0.169555625 0.765136875
vt 0.169555625 0.806640625
vt 0.19213875 0.806640625
vt 0.19213875 0.765136875
vt 0.082408125 0.841553125
vt 0.0844275 0.844651875
vt 0.08631125 0.84132875
vt 0.08429125 0.83823
vt 0.14746125 0.931640625
vt 0.14746125 0.95849625
vt 0.1938475 0.95849625
vt 0.1938475 0.931640625
vt 0.7492675 0.256835625
vt 0.7492675 0.142578125
vt 0.7421875 0.142578125
vt 0.7421875 0.256835625
vt 0.4951175 0.14062437500000002
vt 0.4951175 0.25537125000000005
vt 0.515625 0.25537125000000005
vt 0.515625 0.14062437500000002
vt 0.082408125 0.841553125
vt 0.0844275 0.844651875
vt 0.08631125 0.84132875
vt 0.08429125 0.83823
vt 0.084564375 0.84765625
vt 0.0864475 0.84765625
vt 0.08203125 0.804364375
vt 0.08203125 0.807688125
vt 0.0625 0.875
vt 0.0625 0.9375
vt 0.125 0.9375
vt 0.125 0.875
vt 0.08203125 0.7977181250000001
vt 0.08203125 0.80104125
vt 0.08833125 0.844428125
vt 0.090215 0.841104375
vt 0.08732125 0.842878125
vt 0.0854375 0.846201875
vt 0.0864475 0.84765625
vt 0.08833125 0.844428125
vt 0.085505625 0.84765625
vt 0.08203125 0.8060262499999999
vt 0.08203125 0.807688125
vt 0.084564375 0.84765625
vt 0.0625 0.90625
vt 0.125 0.90625
vt 0.125 0.875
vt 0.0625 0.875
vt 0.08203125 0.799379375
vt 0.089273125 0.8427662499999999
vt 0.090215 0.841104375
vt 0.08203125 0.7977181250000001
vt 0.088195 0.838005625
vt 0.086175 0.83490625
vt 0.08429125 0.83823
vt 0.08631125 0.84132875
vt 0.125 0.90625
vt 0.1875 0.90625
vt 0.1875 0.875
vt 0.125 0.875
vt 0.1875 0.9375
vt 0.1875 0.875
vt 0.125 0.875
vt 0.125 0.9375
vt 0.08664625 0.834075625
vt 0.126220625 0.84765625
vt 0.126220625 0.84765625
vt 0.089000625 0.8299212499999999
vt 1.921875 0.875
vt 1.921875 0.625
vt 1.84375 0.625
vt 1.84375 0.875
vt 0.22943125 0.87744125
vt 0.22943125 0.78378
vt 0.244588125 0.78378
vt 0.244588125 0.87744125
vt 0.174865625 0.779096875
vt 0.174865625 0.77441375
vt 0.15970875 0.77441375
vt 0.15970875 0.779096875
vt 0.214721875 0.806640625
vt 0.214721875 0.765136875
vt 0.19213875 0.765136875
vt 0.19213875 0.806640625
vt 0.738159375 0.142578125
vt 0.738159375 0.16064437499999995
vt 0.742431875 0.16064437499999995
vt 0.742431875 0.142578125
vt 0.7351075 0.142578125
vt 0.7351075 0.256835625
vt 0.7421875 0.256835625
vt 0.7421875 0.142578125
vt 0.665945625 0.56640625
vt 0.665945625 0.6484375
vt 0.67515375 0.6484375
vt 0.67515375 0.56640625
vt 0.088195 0.838005625
vt 0.086175 0.83490625
vt 0.08429125 0.83823
vt 0.08631125 0.84132875
vt 0.089205 0.839555
vt 0.08732125 0.842878125
vt 0.08833125 0.844428125
vt 0.090215 0.841104375
vt 0.08203125 0.843215
vt 0.08348625 0.84631375
vt 0.0844275 0.844651875
vt 0.082408125 0.841553125
vt 0.08449625 0.84765625
vt 0.085505625 0.84765625
vt 0.0864475 0.84765625
vt 0.0854375 0.846201875
vt 0.08203125 0.843215
vt 0.08348625 0.84631375
vt 0.0844275 0.844651875
vt 0.082408125 0.841553125
vt 0.688965 0.6484375
vt 0.688965 0.56640625
vt 0.68436125 0.56640625
vt 0.68436125 0.6484375
vt 0.7528075 0.256835625
vt 0.7528075 0.142578125
vt 0.7492675 0.142578125
vt 0.7492675 0.256835625
vt 0.748840625 0.16064437499999995
vt 0.748840625 0.142578125
vt 0.746704375 0.142578125
vt 0.746704375 0.16064437499999995
vt 0.158264375 0.765136875
vt 0.158264375 0.806640625
vt 0.169555625 0.806640625
vt 0.169555625 0.765136875
vt 0.136973125 0.77441375
vt 0.136973125 0.779096875
vt 0.144551875 0.779096875
vt 0.144551875 0.77441375
vt 0.26732375 0.78378
vt 0.26732375 0.87744125
vt 0.259745 0.87744125
vt 0.259745 0.78378
vt 1.7265625 0.625
vt 1.7265625 0.875
vt 1.765625 0.875
vt 1.765625 0.625
vt 0.126220625 0.84765625
vt 0.092531875 0.82369
vt 0.091355 0.8257675
vt 0.126220625 0.84765625
vt 0.03125 0.875
vt 0.03125 0.9375
vt 0.0625 0.9375
vt 0.0625 0.875
vt 0.03125 0.875
vt 0.03125 0.90625
vt 0.0625 0.90625
vt 0.0625 0.875
vt 0.086175 0.83490625
vt 0.088195 0.838005625
vt 0.09007875 0.834681875
vt 0.08805875 0.831583125
vt 0.1875 0.90625
vt 0.25 0.90625
vt 0.25 0.875
vt 0.1875 0.875
vt 0.1875 0.875
vt 0.1875 0.9375
vt 0.25 0.9375
vt 0.25 0.875
vt 0.126220625 0.84765625
vt 0.08664625 0.834075625
vt 0.08429125 0.83823
vt 0.124689375 0.84765625
vt 1.921875 0.625
vt 1.921875 0.875
vt 2 0.875
vt 2 0.625
vt 0.22943125 0.78378
vt 0.22943125 0.87744125
vt 0.214274375 0.87744125
vt 0.214274375 0.78378
vt 0.174865625 0.77441375
vt 0.174865625 0.779096875
vt 0.1900225 0.779096875
vt 0.1900225 0.77441375
vt 0.214721875 0.765136875
vt 0.214721875 0.806640625
vt 0.237305 0.806640625
vt 0.237305 0.765136875
vt 0.738159375 0.16064437499999995
vt 0.738159375 0.142578125
vt 0.733886875 0.142578125
vt 0.733886875 0.16064437499999995
vt 0.7351075 0.256835625
vt 0.7351075 0.142578125
vt 0.7280275 0.142578125
vt 0.7280275 0.256835625
vt 0.665945625 0.6484375
vt 0.665945625 0.56640625
vt 0.656738125 0.56640625
vt 0.656738125 0.6484375
vt 0.086175 0.83490625
vt 0.088195 0.838005625
vt 0.09007875 0.834681875
vt 0.08805875 0.831583125
vt 0.09108875 0.836231875
vt 0.089205 0.839555
vt 0.090215 0.841104375
vt 0.092098125 0.83778125
vt 0.089273125 0.8427662499999999
vt 0.08203125 0.799379375
vt 0.08203125 0.80104125
vt 0.08833125 0.844428125
vt 0.089205 0.839555
vt 0.09108875 0.836231875
vt 0.09007875 0.834681875
vt 0.088195 0.838005625
vt 0.08732125 0.842878125
vt 0.089205 0.839555
vt 0.088195 0.838005625
vt 0.08631125 0.84132875
vt 0.0854375 0.846201875
vt 0.08732125 0.842878125
vt 0.08631125 0.84132875
vt 0.0844275 0.844651875
vt 0.08348625 0.84631375
vt 0.08449625 0.84765625
vt 0.0854375 0.846201875
vt 0.0844275 0.844651875
vt 0.08203125 0.8060262499999999
vt 0.085505625 0.84765625
vt 0.0864475 0.84765625
vt 0.08203125 0.804364375
vt 0.03125 0.90625
vt 0.03125 0.9375
vt 0.0625 0.9375
vt 0.0625 0.90625
vt 0.125 0.90625
vt 0.0625 0.90625
vt 0.0625 0.9375
vt 0.125 0.9375
vt 0.1875 0.90625
vt 0.125 0.90625
vt 0.125 0.9375
vt 0.1875 0.9375
vt 0.25 0.90625
vt 0.1875 0.90625
vt 0.1875 0.9375
vt 0.25 0.9375
vt 0.66015625 0.47753875
vt 0.68505875 0.47753875
vt 0.68505875 0.45361312499999995
vt 0.66015625 0.45361312499999995
vt 0.01416 0.954040625
vt 0.113769375 0.954040625
vt 0.113769375 0.93103
vt 0.01416 0.93103
vt 0.083554375 0.84765625
vt 0.084071875 0.84765625
vt 0.0830625 0.84706125
vt 0.082544375 0.84765625
vt 0.08732125 0.842878125
vt 0.087839375 0.841964375
vt 0.086829375 0.840415
vt 0.08631125 0.84132875
vt 0.0854375 0.846201875
vt 0.086644375 0.8440725
vt 0.085634375 0.842523125
vt 0.0844275 0.844651875
vt 0.083554375 0.84765625
vt 0.084760625 0.84739625
vt 0.083750625 0.84584625
vt 0.082544375 0.84765625
vt 0.083554375 0.84765625
vt 0.08482875 0.84727625
vt 0.08381875 0.845726875
vt 0.082544375 0.84765625
vt 0.08356 0.84618375
vt 0.08457 0.84765625
vt 0.085585 0.84594125
vt 0.084575 0.844391875
vt 0.083554375 0.84765625
vt 0.085073125 0.846845
vt 0.084063125 0.845295625
vt 0.082544375 0.84765625
vt 0.0854375 0.846201875
vt 0.086956875 0.843521875
vt 0.085946875 0.8419725
vt 0.0844275 0.844651875
vt 0.0854375 0.846201875
vt 0.086711875 0.843953125
vt 0.0857025 0.84240375
vt 0.0844275 0.844651875
vt 0.0854375 0.846201875
vt 0.08746875 0.8426175
vt 0.08645875 0.841068125
vt 0.0844275 0.844651875
vt 0.8573025 0.55559625
vt 0.85546875 0.552409375
vt 0.85546875 0.56005875
vt 0.85546875 0.5584781249999999
vt 0.85546875 0.56005875
vt 0.86097 0.56005875
vt 0.86097 0.5569999999999999
vt 0.873535 0.6743224999999999
vt 0.87017625 0.68652375
vt 0.8814775 0.682696875
vt 0.883391875 0.67387375
vt 0.86097 0.55938625
vt 0.86097 0.56005875
vt 0.86647125 0.56005875
vt 0.86647125 0.5584781249999999
vt 0.864876875 0.6745068750000001
vt 0.86487625 0.6884575
vt 0.870378125 0.686193125
vt 0.870865625 0.67456625
vt 0.86647125 0.56005875
vt 0.8719725 0.56005875
vt 0.8719725 0.55938625
vt 0.86647125 0.5563631250000001
vt 0.86647125 0.5510349999999999
vt 0.86097 0.55380625
vt 0.86097 0.56005875
vt 0.86097 0.54698875
vt 0.86097 0.5532406249999999
vt 0.86647125 0.552316875
vt 0.86647125 0.54698875
vt 0.86097 0.5540425
vt 0.86097 0.550218125
vt 0.85546875 0.55473
vt 0.85546875 0.56005875
vt 0.85546875 0.5479125
vt 0.85546875 0.5532406249999999
vt 0.86097 0.551736875
vt 0.86097 0.5479125
vt 0.8573025 0.55942125
vt 0.858219375 0.5562337500000001
vt 0.85546875 0.5562337500000001
vt 0.85546875 0.56005875
vt 0.01416 0.93103
vt 0.01416 0.977050625
vt 0.113769375 0.977050625
vt 0.113769375 0.93103
vt 0.01416 0.93103
vt 0.01416 0.977050625
vt 0.05151375 0.977050625
vt 0.05151375 0.93103
vt 0.867846875 0.55278
vt 0.86647125 0.545716875
vt 0.86647125 0.56005875
vt 0 0.875118125
vt 0.003843125 0.9375
vt 0.127236875 0.9375
vt 0.127030625 0.8752925
vt 0.0625 0.915429375
vt 0.0625 0.97793125
vt 0.12622625 1
vt 0.12622625 0.937498125
vt 0.00024375 0.87500625
vt 0 0.9375
vt 0.102555625 0.9375
vt 0.109075625 0.875426875
vt 0.668591875 0.47753875
vt 0.672046875 0.47673
vt 0.665136875 0.45361312499999995
vt 0.672046875 0.45361312499999995
vt 0.665136875 0.45361312499999995
vt 0.672046875 0.47673
vt 0.860883125 0.56005875
vt 0.860883125 0.546209375
vt 0.856514375 0.5457525
vt 0.85546875 0.55885125
vt 0.866453125 0.559496875
vt 0.866453125 0.54532375
vt 0.86097 0.545345
vt 0.861946875 0.561035
vt 0.01416 0.93103
vt 0.02798125 0.954040625
vt 0.041801875 0.93103
vt 0.858219375 0.56005875
vt 0.858219375 0.555120625
vt 0.85546875 0.5569999999999999
vt 0.85546875 0.56005875
vt 0.858219375 0.552409375
vt 0.8573025 0.551771875
vt 0.85546875 0.5562337500000001
vt 0.85546875 0.56005875
vt 0.0189 1
vt 0.0189 0.96875
vt 0.0126 0.96875
vt 0.0126 1
vt 0.08746875 0.8426175
vt 0.0854375 0.846201875
vt 0.0864475 0.84765625
vt 0.08847875 0.8441675
vt 0.086711875 0.843953125
vt 0.0854375 0.846201875
vt 0.0864475 0.84765625
vt 0.087721875 0.8455025
vt 0.086644375 0.8440725
vt 0.0854375 0.846201875
vt 0.0864475 0.84765625
vt 0.087654375 0.8456224999999999
vt 0.087839375 0.841964375
vt 0.08732125 0.842878125
vt 0.08833125 0.844428125
vt 0.088849375 0.8435137500000001
vt 0.68505875 0.47753875
vt 0.66015625 0.47753875
vt 0.66015625 0.501465
vt 0.68505875 0.501465
vt 0.668591875 0.47753875
vt 0.672046875 0.501465
vt 0.672046875 0.47673
vt 0.08457 0.84765625
vt 0.085579375 0.84765625
vt 0.086595 0.84749125
vt 0.085585 0.84594125
vt 0.08482875 0.84727625
vt 0.083554375 0.84765625
vt 0.084564375 0.84765625
vt 0.08583875 0.84765625
vt 0.084760625 0.84739625
vt 0.083554375 0.84765625
vt 0.084564375 0.84765625
vt 0.085770625 0.84765625
vt 0.084071875 0.84765625
vt 0.083554375 0.84765625
vt 0.084564375 0.84765625
vt 0.085081875 0.84765625
vt 0.113769375 0.954040625
vt 0.01416 0.954040625
vt 0.01416 0.977050625
vt 0.113769375 0.977050625
vt 0.01416 0.977050625
vt 0.02798125 0.954040625
vt 0.01416 0.93103
vt 0.083418125 0.8431025
vt 0.08203125 0.846425625
vt 0.084564375 0.84765625
vt 0.0864475 0.84765625
vt 0.084564375 0.84765625
vt 0.0864475 0.84765625
vt 0.083418125 0.8431025
vt 0.08203125 0.846425625
vt 0.08669625 0.8473125
vt 0.08467625 0.84421375
vt 0.0851775 0.84765625
vt 0.082653125 0.84765625
vt 0.08481875 0.845251875
vt 0.08238 0.847385625
vt 0.0864475 0.84765625
vt 0.08481875 0.845251875
vt 0.084564375 0.84765625
vt 0.0822775 0.847566875
vt 0.083906875 0.84765625
vt 0.08416125 0.844243125
vt 0.008843125 0.999575
vt 0.05040125 0.9375025
vt 0 1
vt 0.082544375 0.84765625
vt 0.084564375 0.84765625
vt 0.084063125 0.845295625
vt 0.084564375 0.84765625
vt 0.0864475 0.84765625
vt 0.0844275 0.844651875
vt 0.082544375 0.84765625
vt 0.08569 0.846588125
vt 0.08380625 0.84765625
vt 0.08405875 0.84765625
vt 0.0859425 0.846975625
vt 0.084410625 0.8446256249999999
vt 0.08254375 0.84765625
vt 0.084564375 0.84765625
vt 0.08643125 0.84765625
vt 0.08528875 0.84765625
vt 0.08328375 0.84667
vt 0.0830425 0.84709625
vt 0.0850475 0.84765625
vt 0.06543 0.86962875
vt 0.088011875 0.86962875
vt 0.088011875 0.839859375
vt 0.06543 0.839859375
vt 0.088013125 0.858460625
vt 0.065430625 0.858459375
vt 0.06543 0.8621825
vt 0.088013125 0.862183125
vt 0.08801125 0.839605625
vt 0.06543 0.83985
vt 0.06543 0.86962875
vt 0.08801125 0.869385
vt 0.074118125 0.86962875
vt 0.07430125 0.839859375
vt 0.071405 0.839859375
vt 0.071221875 0.86962875
vt 0.111215625 0.847301875
vt 0.06543 0.847301875
vt 0.065430625 0.854744375
vt 0.111215625 0.854744375
vt 0.11739625 0.847301875
vt 0.11739625 0.854744375
vt 0.127789375 0.854744375
vt 0.127789375 0.847301875
vt 0.071075 0.8093168749999999
vt 0.071075 0.8696
vt 0.076720625 0.869571875
vt 0.076720625 0.809288125
vt 0.095736875 0.854744375
vt 0.09574875 0.847301875
vt 0.085654375 0.847301875
vt 0.0856425 0.854744375
vt 0.096609375 0.847301875
vt 0.096609375 0.854744375
vt 0.1070025 0.854744375
vt 0.1070025 0.847301875
vt 0.088013125 0.851015
vt 0.06543125 0.851013125
vt 0.065430625 0.85473625
vt 0.088013125 0.8547375
vt 0.085184375 0.845813125
vt 0.08330125 0.84765625
vt 0.08355375 0.84765625
vt 0.0854375 0.846200625
vt 0.085828125 0.84765625
vt 0.084063125 0.845295625
vt 0.085575 0.84765625
vt 0.0315 1
vt 0.0315 0.96875
vt 0.0252 0.96875
vt 0.0252 1
vt 0.1868175 0.841796875
vt 0.186836875 0.822265625
vt 0.171184375 0.822265625
vt 0.171165625 0.841796875
vt 0.079910625 0.86962875
vt 0.08009375 0.839859375
vt 0.0771975 0.839859375
vt 0.077014375 0.86962875
vt 0.085771875 0.84765625
vt 0.083766875 0.8458175
vt 0.083525625 0.84624375
vt 0.085530625 0.84765625
vt 0.083745 0.84765625
vt 0.08481875 0.845251875
vt 0.0834725 0.84765625
vt 0.075823125 0.847301875
vt 0.075823125 0.854744375
vt 0.08621625 0.854744375
vt 0.08621625 0.847301875
vt 0.088013125 0.843569375
vt 0.065431875 0.843566875
vt 0.06543125 0.84729
vt 0.088013125 0.847291875
vt 0.084679375 0.845038125
vt 0.082795625 0.84765625
vt 0.083048125 0.84765625
vt 0.084931875 0.845425625
vt 0.08633375 0.847635625
vt 0.084063125 0.845295625
vt 0.086080625 0.84765625
vt 0.0441 1
vt 0.0441 0.96875
vt 0.0378 0.96875
vt 0.0378 1
vt 0.136114375 0.854744375
vt 0.136126875 0.847301875
vt 0.1260325 0.847301875
vt 0.12602 0.854744375
vt 0.085703125 0.86962875
vt 0.08588625 0.839859375
vt 0.08299 0.839859375
vt 0.082806875 0.86962875
vt 0.086255 0.84765625
vt 0.08425 0.8449656249999999
vt 0.08400875 0.845391875
vt 0.08601375 0.84765625
vt 0.083199375 0.84765625
vt 0.08481875 0.845251875
vt 0.08292625 0.84765625
vt 0.11739625 0.862186875
vt 0.11739625 0.86962875
vt 0.127789375 0.86962875
vt 0.127789375 0.862186875
vt 0.111215625 0.862186875
vt 0.06543125 0.862186875
vt 0.065431875 0.86962875
vt 0.111215625 0.86962875
vt 0.0957125 0.86962875
vt 0.095725 0.862186875
vt 0.085630625 0.862186875
vt 0.085618125 0.86962875
vt 0.11590125 0.86962875
vt 0.11591375 0.862186875
vt 0.105819375 0.862186875
vt 0.105806875 0.86962875
vt 0.13609 0.86962875
vt 0.1361025 0.862186875
vt 0.126008125 0.862186875
vt 0.125995625 0.86962875
vt 0.08236625 0.809259375
vt 0.08236625 0.869543125
vt 0.088011875 0.8695143750000001
vt 0.088011875 0.8092312500000001
vt 0.075823125 0.862186875
vt 0.075823125 0.86962875
vt 0.08621625 0.86962875
vt 0.08621625 0.862186875
vt 0.096609375 0.862186875
vt 0.096609375 0.86962875
vt 0.1070025 0.86962875
vt 0.1070025 0.862186875
vt 0.1381825 0.847301875
vt 0.1381825 0.854744375
vt 0.148575625 0.854744375
vt 0.148575625 0.847301875
vt 0.0063 1
vt 0.0063 0.96875
vt 0 0.96875
vt 0 1
vt 0.075548125 0.854744375
vt 0.07556 0.847301875
vt 0.065465 0.847301875
vt 0.065453125 0.854744375
vt 0.07552375 0.86962875
vt 0.07553625 0.862186875
vt 0.06544125 0.862186875
vt 0.06543 0.86962875
vt 0.068325625 0.86962875
vt 0.06850875 0.839859375
vt 0.0656125 0.839859375
vt 0.06543 0.86962875
vt 0.084805625 0.84765625
vt 0.082800625 0.8475225
vt 0.082559375 0.84765625
vt 0.084564375 0.84765625
vt 0.08429125 0.84765625
vt 0.08481875 0.845251875
vt 0.084018125 0.84765625
vt 0.1381825 0.862186875
vt 0.1381825 0.86962875
vt 0.148575625 0.86962875
vt 0.148575625 0.862186875
vt 0.088013125 0.86590625
vt 0.06543 0.865905625
vt 0.06543 0.86962875
vt 0.088013125 0.86962875
vt 0.086195 0.84736375
vt 0.08431125 0.84765625
vt 0.084564375 0.84765625
vt 0.0864475 0.84765625
vt 0.0853225 0.84765625
vt 0.084063125 0.845295625
vt 0.085069375 0.84765625
vt 0.11739625 0.839859375
vt 0.11739625 0.847301875
vt 0.127789375 0.847301875
vt 0.127789375 0.839859375
vt 0.096609375 0.839859375
vt 0.096609375 0.847301875
vt 0.1070025 0.847301875
vt 0.1070025 0.839859375
vt 0.028765 0.9375
vt 0.028765 0.953125
vt 0.05753 0.953125
vt 0.05753 0.9375
vt 0.071075 0.8696
vt 0.071075 0.8093168749999999
vt 0.06543 0.809345625
vt 0.06543 0.86962875
vt 0.21814125 0.822265625
vt 0.21816 0.802734375
vt 0.202508125 0.802734375
vt 0.20248875 0.822265625
vt 0.13978875 0.953125
vt 0.1398225 0.9375
vt 0.111884375 0.9375
vt 0.111850625 0.953125
vt 0.0839125 0.953125
vt 0.08394625 0.9375
vt 0.056008125 0.9375
vt 0.055974375 0.953125
vt 0.07556 0.847301875
vt 0.075571875 0.839859375
vt 0.065476875 0.839859375
vt 0.065465 0.847301875
vt 0.06543 0.847301875
vt 0.111215625 0.847301875
vt 0.111215625 0.839859375
vt 0.06543 0.839859375
vt 0.210143125 0.842773125
vt 0.210143125 0.858398125
vt 0.238908125 0.858398125
vt 0.238908125 0.842773125
vt 0.11739625 0.854744375
vt 0.11739625 0.862186875
vt 0.127789375 0.862186875
vt 0.127789375 0.854744375
vt 0.096609375 0.854744375
vt 0.096609375 0.862186875
vt 0.1070025 0.862186875
vt 0.1070025 0.854744375
vt 0.075823125 0.854744375
vt 0.075823125 0.862186875
vt 0.08621625 0.862186875
vt 0.08621625 0.854744375
vt 0.08236625 0.869543125
vt 0.08236625 0.809259375
vt 0.076720625 0.809288125
vt 0.076720625 0.869571875
vt 0.1361025 0.862186875
vt 0.136114375 0.854744375
vt 0.12602 0.854744375
vt 0.126008125 0.862186875
vt 0.11591375 0.862186875
vt 0.115925625 0.854744375
vt 0.10583125 0.854744375
vt 0.105819375 0.862186875
vt 0.095725 0.862186875
vt 0.095736875 0.854744375
vt 0.0856425 0.854744375
vt 0.085630625 0.862186875
vt 0.07553625 0.862186875
vt 0.075548125 0.854744375
vt 0.065453125 0.854744375
vt 0.06544125 0.862186875
vt 0.06543125 0.862186875
vt 0.111215625 0.862186875
vt 0.111215625 0.854744375
vt 0.065430625 0.854744375
vt 0.1381825 0.854744375
vt 0.1381825 0.862186875
vt 0.148575625 0.862186875
vt 0.148575625 0.854744375
vt 0.096609375 0.854744375
vt 0.096609375 0.847301875
vt 0.08621625 0.847301875
vt 0.08621625 0.854744375
vt 0.096609375 0.862186875
vt 0.096609375 0.854744375
vt 0.08621625 0.854744375
vt 0.08621625 0.862186875
vt 0.096609375 0.86962875
vt 0.096609375 0.862186875
vt 0.08621625 0.862186875
vt 0.08621625 0.86962875
vt 0.06543125 0.851013125
vt 0.088013125 0.851015
vt 0.088013125 0.847291875
vt 0.06543125 0.84729
vt 0.08330125 0.84765625
vt 0.085184375 0.845813125
vt 0.084931875 0.845425625
vt 0.083048125 0.84765625
vt 0.085828125 0.84765625
vt 0.086080625 0.84765625
vt 0.084063125 0.845295625
vt 0.096609375 0.847301875
vt 0.096609375 0.839859375
vt 0.08621625 0.839859375
vt 0.08621625 0.847301875
vt 0.0315 0.96875
vt 0.0315 1
vt 0.0378 1
vt 0.0378 0.96875
vt 0.1398225 0.9375
vt 0.13978875 0.953125
vt 0.167726875 0.953125
vt 0.16776125 0.9375
vt 0.115938125 0.847301875
vt 0.115925625 0.854744375
vt 0.12602 0.854744375
vt 0.1260325 0.847301875
vt 0.115925625 0.854744375
vt 0.11591375 0.862186875
vt 0.126008125 0.862186875
vt 0.12602 0.854744375
vt 0.11591375 0.862186875
vt 0.11590125 0.86962875
vt 0.125995625 0.86962875
vt 0.126008125 0.862186875
vt 0.08009375 0.839859375
vt 0.079910625 0.86962875
vt 0.082806875 0.86962875
vt 0.08299 0.839859375
vt 0.083766875 0.8458175
vt 0.085771875 0.84765625
vt 0.08601375 0.84765625
vt 0.08400875 0.845391875
vt 0.083199375 0.84765625
vt 0.0834725 0.84765625
vt 0.08481875 0.845251875
vt 0.11739625 0.854744375
vt 0.11739625 0.847301875
vt 0.1070025 0.847301875
vt 0.1070025 0.854744375
vt 0.11739625 0.862186875
vt 0.11739625 0.854744375
vt 0.1070025 0.854744375
vt 0.1070025 0.862186875
vt 0.11739625 0.86962875
vt 0.11739625 0.862186875
vt 0.1070025 0.862186875
vt 0.1070025 0.86962875
vt 0.065430625 0.858459375
vt 0.088013125 0.858460625
vt 0.088013125 0.8547375
vt 0.065430625 0.85473625
vt 0.08380625 0.84765625
vt 0.08569 0.846588125
vt 0.0854375 0.846200625
vt 0.08355375 0.84765625
vt 0.0853225 0.84765625
vt 0.085575 0.84765625
vt 0.084063125 0.845295625
vt 0.11739625 0.847301875
vt 0.11739625 0.839859375
vt 0.1070025 0.839859375
vt 0.1070025 0.847301875
vt 0.0189 0.96875
vt 0.0189 1
vt 0.0252 1
vt 0.0252 0.96875
vt 0.08394625 0.9375
vt 0.0839125 0.953125
vt 0.111850625 0.953125
vt 0.111884375 0.9375
vt 0.1555325 0.822265625
vt 0.15551375 0.841796875
vt 0.171165625 0.841796875
vt 0.171184375 0.822265625
vt 0.095736875 0.854744375
vt 0.095725 0.862186875
vt 0.105819375 0.862186875
vt 0.10583125 0.854744375
vt 0.095725 0.862186875
vt 0.0957125 0.86962875
vt 0.105806875 0.86962875
vt 0.105819375 0.862186875
vt 0.07430125 0.839859375
vt 0.074118125 0.86962875
vt 0.077014375 0.86962875
vt 0.0771975 0.839859375
vt 0.08328375 0.84667
vt 0.08528875 0.84765625
vt 0.085530625 0.84765625
vt 0.083525625 0.84624375
vt 0.083745 0.84765625
vt 0.084018125 0.84765625
vt 0.08481875 0.845251875
vt 0.1381825 0.854744375
vt 0.1381825 0.847301875
vt 0.127789375 0.847301875
vt 0.127789375 0.854744375
vt 0.1381825 0.862186875
vt 0.1381825 0.854744375
vt 0.127789375 0.854744375
vt 0.127789375 0.862186875
vt 0.1381825 0.86962875
vt 0.1381825 0.862186875
vt 0.127789375 0.862186875
vt 0.127789375 0.86962875
vt 0.06543 0.865905625
vt 0.088013125 0.86590625
vt 0.088013125 0.862183125
vt 0.06543 0.8621825
vt 0.08431125 0.84765625
vt 0.086195 0.84736375
vt 0.0859425 0.846975625
vt 0.08405875 0.84765625
vt 0.084816875 0.84765625
vt 0.085069375 0.84765625
vt 0.084063125 0.845295625
vt 0.20135375 0.953125
vt 0.20135375 0.9375
vt 0.172589375 0.9375
vt 0.172589375 0.953125
vt 0.0063 0.96875
vt 0.0063 1
vt 0.0126 1
vt 0.0126 0.96875
vt 0.12424625 0.802734375
vt 0.124228125 0.822265625
vt 0.13988 0.822265625
vt 0.13989875 0.802734375
vt 0.07556 0.847301875
vt 0.075548125 0.854744375
vt 0.0856425 0.854744375
vt 0.085654375 0.847301875
vt 0.075548125 0.854744375
vt 0.07553625 0.862186875
vt 0.085630625 0.862186875
vt 0.0856425 0.854744375
vt 0.07553625 0.862186875
vt 0.07552375 0.86962875
vt 0.085618125 0.86962875
vt 0.085630625 0.862186875
vt 0.06850875 0.839859375
vt 0.068325625 0.86962875
vt 0.071221875 0.86962875
vt 0.071405 0.839859375
vt 0.082800625 0.8475225
vt 0.084805625 0.84765625
vt 0.0850475 0.84765625
vt 0.0830425 0.84709625
vt 0.08429125 0.84765625
vt 0.084564375 0.84765625
vt 0.08481875 0.845251875
vt 0.075823125 0.854744375
vt 0.075823125 0.847301875
vt 0.06543 0.847301875
vt 0.06543 0.854744375
vt 0.075823125 0.862186875
vt 0.075823125 0.854744375
vt 0.06543 0.854744375
vt 0.06543 0.862186875
vt 0.075823125 0.86962875
vt 0.075823125 0.862186875
vt 0.06543 0.862186875
vt 0.06543 0.86962875
vt 0.065431875 0.843566875
vt 0.088013125 0.843569375
vt 0.088013125 0.839846875
vt 0.065431875 0.83984375
vt 0.082795625 0.84765625
vt 0.084679375 0.845038125
vt 0.084426875 0.844650625
vt 0.082543125 0.84765625
vt 0.08633375 0.847635625
vt 0.08658625 0.8471443750000001
vt 0.084063125 0.845295625
vt 0.028765 0.953125
vt 0.028765 0.9375
vt 0 0.9375
vt 0 0.953125
vt 0.0441 0.96875
vt 0.0441 1
vt 0.0504 1
vt 0.0504 0.96875
vt 0.136139375 0.839859375
vt 0.136126875 0.847301875
vt 0.146221875 0.847301875
vt 0.14623375 0.839859375
vt 0.136126875 0.847301875
vt 0.136114375 0.854744375
vt 0.146209375 0.854744375
vt 0.146221875 0.847301875
vt 0.136114375 0.854744375
vt 0.1361025 0.862186875
vt 0.146196875 0.862186875
vt 0.146209375 0.854744375
vt 0.1361025 0.862186875
vt 0.13609 0.86962875
vt 0.146184375 0.86962875
vt 0.146196875 0.862186875
vt 0.08588625 0.839859375
vt 0.085703125 0.86962875
vt 0.088599375 0.86962875
vt 0.088781875 0.839859375
vt 0.08425 0.8449656249999999
vt 0.086255 0.84765625
vt 0.086496875 0.84765625
vt 0.084491875 0.844539375
vt 0.082653125 0.84765625
vt 0.08292625 0.84765625
vt 0.08481875 0.845251875
vt 0.0859375 0.89209
vt 0.0859375 0.86084
vt 0.0546875 0.86084
vt 0.0546875 0.89209
vt 0.0859375 0.82959
vt 0.0859375 0.76709
vt 0.0546875 0.76709
vt 0.0546875 0.82959
vt 0.09375 0.82959
vt 0.09375 0.76709
vt 0.0546875 0.76709
vt 0.0546875 0.82959
vt 0.0859375 0.846820625
vt 0.0859375 0.89209
vt 0.1171875 0.89209
vt 0.1171875 0.82959
vt 0.8573025 0.551771875
vt 0.858219375 0.552409375
vt 0.86097 0.54476
vt 0.85913625 0.547309375
vt 0.0859375 0.86084
vt 0.0859375 0.82959
vt 0.0546875 0.82959
vt 0.0546875 0.86084
vt 0.085579375 0.84765625
vt 0.08457 0.84765625
vt 0.083554375 0.84765625
vt 0.084564375 0.84765625
vt 0.08457 0.84765625
vt 0.08356 0.84618375
vt 0.082544375 0.84765625
vt 0.083554375 0.84765625
vt 0.08348625 0.84631375
vt 0.08203125 0.843215
vt 0.08203125 0.84487625
vt 0.082544375 0.84765625
vt 0.03125 0.9375
vt 0.03125 0.90625
vt 0 0.90625
vt 0 0.9375
vt 0.03125 0.90625
vt 0.03125 0.875
vt 0 0.875
vt 0 0.90625
vt 0.03125 0.9375
vt 0.03125 0.875
vt 0 0.875
vt 0 0.9375
vt 0.092531875 0.82369
vt 0.126220625 0.84765625
vt 0.126220625 0.84765625
vt 0.093709375 0.821613125
vt 1.7265625 0.875
vt 1.7265625 0.625
vt 1.6875 0.625
vt 1.6875 0.875
vt 0.26732375 0.87744125
vt 0.26732375 0.78378
vt 0.2749025 0.78378
vt 0.2749025 0.87744125
vt 0.136973125 0.779096875
vt 0.136973125 0.77441375
vt 0.129394375 0.77441375
vt 0.129394375 0.779096875
vt 0.158264375 0.806640625
vt 0.158264375 0.765136875
vt 0.1469725 0.765136875
vt 0.1469725 0.806640625
vt 0.748840625 0.142578125
vt 0.748840625 0.16064437499999995
vt 0.750976875 0.16064437499999995
vt 0.750976875 0.142578125
vt 0.7528075 0.142578125
vt 0.7528075 0.256835625
vt 0.7563475 0.256835625
vt 0.7563475 0.142578125
vt 0.85913625 0.551134375
vt 0.8573025 0.551771875
vt 0.8573025 0.55559625
vt 0.858219375 0.5562337500000001
vt 0.8573025 0.55942125
vt 0.85913625 0.55878375
vt 0.86097 0.5562337500000001
vt 0.143555 0.80004875
vt 0.143555 0.82702625
vt 0.097168125 0.82702625
vt 0.097168125 0.80004875
vt 0.176269375 0.810546875
vt 0.176269375 0.837158125
vt 0.119385 0.837158125
vt 0.119385 0.810546875
vt 0.185831875 0.91175875
vt 0.19060375 0.91175875
vt 0.19060375 0.91025125
vt 0.185831875 0.91025125
vt 0.078613125 0.7976075
vt 0.12255875 0.7976075
vt 0.12255875 0.835449375
vt 0.078613125 0.835449375
vt 0.18662125 0.794921875
vt 0.18662125 0.8117675
vt 0.154296875 0.8117675
vt 0.154296875 0.794921875
vt 0.235351875 0.802978125
vt 0.235351875 0.838256875
vt 0.089355625 0.838256875
vt 0.089355625 0.802978125
vt 0.18994125 0.80004875
vt 0.18994125 0.82702625
vt 0.143555 0.82702625
vt 0.143555 0.80004875
vt 0.172851875 0.75097625
vt 0.214355625 0.75097625
vt 0.214355625 0.78833
vt 0.172851875 0.78833
vt 0.119385 0.810546875
vt 0.119385 0.837158125
vt 0.0625 0.837158125
vt 0.0625 0.810546875
vt 0.196064375 0.910620625
vt 0.20057125 0.910620625
vt 0.20057125 0.9091325
vt 0.196064375 0.9091325
vt 0.218945625 0.794921875
vt 0.218945625 0.8117675
vt 0.18662125 0.8117675
vt 0.18662125 0.794921875
vt 0.16650375 0.835449375
vt 0.12255875 0.835449375
vt 0.12255875 0.7976075
vt 0.16650375 0.7976075
vt 0.16650375 0.7976075
vt 0.12255875 0.7976075
vt 0.12255875 0.759765625
vt 0.16650375 0.759765625
vt 0.221191875 0.807616875
vt 0.2224125 0.838866875
vt 0.098144375 0.83398375
vt 0.098144375 0.79785125
vt 0.205078125 0.9091325
vt 0.20057125 0.9091325
vt 0.20057125 0.910620625
vt 0.205078125 0.910620625
vt 0.205078125 0.910620625
vt 0.20057125 0.910620625
vt 0.20057125 0.912109375
vt 0.205078125 0.912109375
vt 0.8573025 0.55559625
vt 0.8573025 0.551771875
vt 0.85546875 0.552409375
vt 0.143555 0.74609375
vt 0.143555 0.80004875
vt 0.097168125 0.80004875
vt 0.097168125 0.74609375
vt 0.218945625 0.761230625
vt 0.218945625 0.794921875
vt 0.18662125 0.794921875
vt 0.18662125 0.761230625
vt 0.18662125 0.761230625
vt 0.18662125 0.794921875
vt 0.154296875 0.794921875
vt 0.154296875 0.761230625
vt 0.176269375 0.757324375
vt 0.176269375 0.810546875
vt 0.119385 0.810546875
vt 0.119385 0.757324375
vt 0.119385 0.757324375
vt 0.119385 0.810546875
vt 0.0625 0.810546875
vt 0.0625 0.757324375
vt 0.235351875 0.732421875
vt 0.235351875 0.802978125
vt 0.089355625 0.802978125
vt 0.089355625 0.732421875
vt 0.21875 0.745116875
vt 0.221191875 0.807616875
vt 0.098144375 0.79785125
vt 0.098144375 0.725585625
vt 0.18994125 0.74609375
vt 0.18994125 0.80004875
vt 0.143555 0.80004875
vt 0.143555 0.74609375
vt 0.18784625 0.908004375
vt 0.18784625 0.909079375
vt 0.19288375 0.909079375
vt 0.19288375 0.908004375
vt 0.19288375 0.908004375
vt 0.19288375 0.909079375
vt 0.197920625 0.909079375
vt 0.197920625 0.908004375
vt 0.1879525 0.9073625
vt 0.1879525 0.908801875
vt 0.20144625 0.9086075
vt 0.20157875 0.9073625
vt 0.186998125 0.90722625
vt 0.186998125 0.908631875
vt 0.20285125 0.908631875
vt 0.20285125 0.90722625
vt 0.184081875 0.907615625
vt 0.184081875 0.908675625
vt 0.19025875 0.908675625
vt 0.19025875 0.907615625
vt 0.19025875 0.907615625
vt 0.19025875 0.908675625
vt 0.196435625 0.908675625
vt 0.196435625 0.907615625
vt 0.19405 0.90901625
vt 0.19405 0.909686875
vt 0.19756 0.909686875
vt 0.19756 0.90901625
vt 0.19756 0.90901625
vt 0.19756 0.909686875
vt 0.20107 0.909686875
vt 0.20107 0.90901625
vn 0 0 -1
vn 1 0 0
vn 0 0 1
vn -1 0 0
vn 0 1 0
vn 0 -1 0
vn 0 0 -1
vn 1 0 0
vn 0 0 1
vn -1 0 0
vn 0 1 0
vn 0 -1 0
vn 0 0 -1
vn 1 0 0
vn 0 0 1
vn -1 0 0
vn 0 1 0
vn 0 -1 0
vn 0 0 -1
vn 1 0 0
vn 0 0 1
vn -1 0 0
vn 0 1 0
vn 0 -1 0
vn 1 0 0
vn -1 0 0
vn 0 1 0
vn 0 -1 0
vn 0 0 1
vn 0 0 -1
vn 1 0 0
vn -1 0 0
vn 0 1 0
vn 0 -1 0
vn 0 0 1
vn 0 0 -1
vn -1 0 0
vn 0 -1 0
vn 0 0 1
vn 0 0 -1
vn 1 0 0
vn 0 1 0
vn -1 0 0
vn 0 1 0
vn 1 0 0
vn 0 -1 0
vn -1 0 0
vn 1 0 0
vn 0 -0.7910529841125553 -0.6117476410470427
vn -0.32551293939651677 0 0.9455375858660721
vn 1 0 0
vn 0 0.06947458064781807 -0.9975837221225144
vn 1 0 0
vn 0 1 0
vn -1 0 0
vn 0 -1 0
vn 1 0 0
vn 0 1 0
vn -0.9561999555074315 0 0.2927142720941122
vn 0 -1 0
vn 0.9561999555074315 0 0.2927142720941122
vn 0.32551293939651677 0 0.9455375858660721
vn 0 -1 0
vn 0 -1 0
vn 0 1 0
vn 0 0 1
vn 0 -1 0
vn 0 -1 0
vn 0 -0.7910529841125553 -0.6117476410470427
vn 0 0 -1
vn 0.012139518243948514 0.07033235846214991 -0.9974497438216909
vn 0 1 0
vn 0 1 0
vn 0 1 0
vn -0.7071067811865483 0 0.7071067811865467
vn 0 1 0
vn 0 1 0
vn 0 1 0
vn 0 0.06947458064781807 -0.9975837221225144
vn 0 0 -1
vn 0 -0.7910529841125553 -0.6117476410470427
vn 0 -1 0
vn 0 -1 0
vn 0 0 1
vn 0 1 0
vn 0 -1 0
vn 0 -1 0
vn 0.7071067811865476 0 0.7071067811865476
vn 0 -1 0
vn 0 -1 0
vn 0 1 0
vn 0 0 1
vn 0 -1 0
vn 0 -1 0
vn 0 -0.7910529841125553 -0.6117476410470427
vn 0 0 -1
vn 0 0.07078252349172548 -0.9974917715791661
vn 0 1 0
vn 0 1 0
vn 0 1 0
vn 0.9052369440730292 0 0.4249071370138699
vn 0 1 0
vn 0 1 0
vn 0 1 0
vn 0 1 0
vn -0.9052369440730292 0 0.4249071370138699
vn 0 -1 0
vn 0 -1 0
vn 0 -1 0
vn 0 -1 0
vn 1 0 0
vn -1 0 0
vn -1 0 0
vn 1 0 0
vn 0.9561999555074315 0 0.2927142720941122
vn -0.9561999555074315 0 0.2927142720941122
vn -0.9052369440730291 0 0.4249071370138698
vn -0.7071067811865483 0 0.7071067811865467
vn -0.32551293939651677 0 0.9455375858660721
vn 0.32551293939651677 0 0.9455375858660721
vn 0.9052369440730291 0 0.4249071370138698
vn 0.7071067811865476 0 0.7071067811865476
vn -0.10024581572959128 0.8908574005978813 -0.44308449332908834
vn 0 0.6757270288463552 -0.7371519398919582
vn -0.15669341826889183 0.8224459869471259 -0.5468361465976607
vn 0 0.9384717026614086 -0.3453561398090339
vn -0.2913647776960566 0.6749192941924693 -0.6779310530170946
vn 0 0.9384717026614086 -0.3453561398090339
vn 0.2031504827426213 -0.496896143194456 -0.8436966897172911
vn -0.15572868937164433 0.8187941639896862 -0.5525619352823905
vn 0.5512813945814862 -0.5816424585222255 -0.5981478700392681
vn -0.07460903657047621 0.8831937638175638 -0.46303592432530616
vn 0 0.9177090632809474 -0.3972531625701755
vn -1 0 0
vn -1 0 0
vn -0.8767228156666939 0.26425375952577645 -0.40190428595121674
vn -0.9537820590665388 -0.2854264954674013 0.09397605805731109
vn -0.7284334329507592 0.19496163054525456 0.6567912121631253
vn -0.09975257601694411 -0.8212878570582747 0.5617256264642115
vn 1 0 0
vn 1 0 0
vn 0.06409381897963616 0.5095302613777901 -0.8580622909258316
vn 0.09975257601694398 0.8212878570582748 -0.5617256264642116
vn -1 0 0
vn 0.0000011732461268734242 0.6757258574802423 -0.7371530136486013
vn 0.7392562352001374 -0.6491213749477416 -0.1792809507551566
vn 0.002172771676907796 -0.0015510933090320674 0.9999964365800446
vn 0.7071067811865476 0 0.7071067811865476
vn 0.9052369440730291 0 0.4249071370138698
vn 0.9561999555074315 0 0.2927142720941122
vn 1 0 0
vn 1 0 0
vn 1 0 0
vn -0.7071067811865483 0 0.7071067811865467
vn -0.9052369440730291 0 0.4249071370138698
vn -0.9561999555074315 0 0.2927142720941122
vn -1 0 0
vn -1 0 0
vn -1 0 0
vn 0.7930312795923817 -0.025163513776255645 0.6086609788400289
vn -0.829496402852706 0 0.5585120568568073
vn 0.27006765689679574 0.5582571750804838 0.7844822414621205
vn 0 0.2607558320313204 0.9654047835295068
vn -0.27006765689679574 0.5582571750804838 0.7844822414621205
vn 0.11956167566746445 -0.93010158878939 0.34729820074834894
vn 0.005600428791502007 -0.7204781021263709 0.6934550739260145
vn -0.11337011666799507 -0.9373900125153354 0.32931319603560455
vn -0.9999986151237802 0 0.0016642567475952396
vn 0 -1 0
vn 0.9996724582106368 -0.025538235113943833 -0.0016657858108990913
vn 0 1 0
vn -0.019320334677106518 0.000954090601338589 -0.9998128896844094
vn -0.008068746282006796 -0.04196393414177581 -0.9990865445819904
vn 0.020598704429689682 0.004024981468389385 -0.9997797221888418
vn 0 0.04985791553235729 -0.9987563207603587
vn -0.998782369344427 0.04932258614046531 0.0010301374419624928
vn -1.2415854115964252e-7 -0.9999999983673467 -0.0000571427269833138
vn 0.9999951370285481 0.0029374778175658782 -0.0010474460972014939
vn 0 0.999999998367347 0.000057142857047399395
vn -1.2415854115964252e-7 -0.9999999983673467 -0.0000571427269833138
vn -0.008064832276623869 -0.05224167772922822 -0.9986019054600214
vn 0 -1 0
vn 0.005599871464697917 -0.7205445209567335 0.6933860647278761
vn 0.002172720209462048 -0.002515242844557167 0.9999944764049072
vn 0 0.999999998367347 0.000057142857047399395
vn 0 0.04985791553235729 -0.9987563207603587
vn 0 1 0
vn 0 0.2607558320313205 0.9654047835295069
vn -1.2415584867139145e-7 -0.9999999983673465 -0.0000571427293510078
vn -0.008060070135093715 -0.06250269511212145 -0.9980122486087727
vn 0 -1 0
vn 0.0055995916939288685 -0.7205778575415654 0.6933514230126514
vn 0.0021727139304310297 -0.0034794082294581506 0.9999915864808812
vn 0 0.999999998367347 0.000057142857047399395
vn 0 0.04985791553235731 -0.9987563207603588
vn 0 1 0
vn 0 0.2607558320313205 0.9654047835295068
vn -1.2415854114492522e-7 -0.9999999983673467 -0.000057142726976546754
vn -0.9987823495897726 0.049322585164927345 0.0010491618472930923
vn 0 0.999999998367347 0.00005714285705416644
vn 0 0.999999998367347 0.00005714285705416644
vn 0 0.999999998367347 0.00005714285705416644
vn 0.9999951370285481 0.002937477817565891 -0.0010474460972031655
vn -1.2415854114492522e-7 -0.9999999983673467 -0.000057142726976546754
vn -1.2415854114498027e-7 -0.9999999983673467 -0.000057142726976546726
vn -1.2415854115964252e-7 -0.9999999983673467 -0.0000571427269833138
vn 0.0021727739164080604 -0.0005869172011235611 0.9999974672876463
vn 0 0.999999998367347 0.000057142857047399395
vn 0 0.999999998367347 0.00005714285705416644
vn 0 0.0498579155323573 -0.9987563207603588
vn 0 1 0
vn 0 0.26075583203132047 0.9654047835295069
vn -1.2415584351844976e-7 -0.9999999983673467 -0.00005714272697937283
vn -0.008071808311829578 -0.03167300554970795 -0.9994656905717302
vn 0 -1 0
vn 0.005600151250478111 -0.7205111793748872 0.6934207083018079
vn -1.2415584865668823e-7 -0.9999999983673465 -0.00005714272934424073
vn -1.2415584351846352e-7 -0.9999999983673467 -0.000057142726979372815
vn -1.2415854114493922e-7 -0.9999999983673467 -0.00005714272697654674
vn 0.9999951570204463 0.002937402250573045 -0.0010283985956638325
vn 0 0.999999998367347 0.000057142857054166456
vn 0 0.999999998367347 0.000057142857054166456
vn 0 0.999999998367347 0.000057142857054166456
vn 0 0.999999998367347 0.000057142857054166456
vn -0.9987823495897726 0.04932258516492682 0.001049161847295116
vn -1.2415584865668823e-7 -0.9999999983673465 -0.00005714272934424073
vn -8.277056584619166e-8 -0.9999999992743762 -0.00003809515293071393
vn -8.277056584619165e-8 -0.9999999992743762 -0.000038095152930713923
vn -8.27705624207269e-8 -0.9999999992743764 -0.000038095151354135314
vn 0.999995156962253 0.0029374024725463623 -0.001028454546114577
vn 0 0.9999999992743764 0.000038095238066153095
vn 0 0.9999999992743764 0.000038095238066153095
vn 0 0.9999999992743765 0.0000380952380661531
vn 0 0.9999999992743764 0.000038095238066153095
vn -0.9987823505737959 0.04932258521352108 0.0010482223705131953
vn -8.277056584621e-8 -0.9999999992743762 -0.00003809515293071392
vn -1.2539739911421605e-7 -0.9999999983673467 -0.00005714272568546261
vn -8.359826963640974e-8 -0.9999999992743763 -0.00003809515207936146
vn -1.2540012370197524e-7 -0.9999999983673467 -0.000057142725675841184
vn -0.002191840240067828 -0.048795064471343505 -0.9988064064269911
vn 0 -1 0
vn 0.005544677612367841 -0.7205148094305693 0.6934173822031038
vn -1.2540012370198218e-7 -0.9999999983673467 -0.000057142725675841205
vn 0 -0.002479004728326198 0.9999969272630578
vn 0 0.999999998367347 0.000057142857054166456
vn 0 0.999999998367347 0.000057142857047399395
vn 0 0.9999999992743764 0.000038095238066153095
vn 0 0.999999998367347 0.00005714285705416644
vn 0 0.0498579155323573 -0.9987563207603588
vn 0 1 0
vn 0 0.2607558320313205 0.9654047835295069
vn -1.2540012371683254e-7 -0.9999999983673467 -0.00005714272568260827
vn -8.359826963640056e-8 -0.9999999992743763 -0.00003809515207936147
vn -1.2540012370200285e-7 -0.9999999983673467 -0.000057142725675841205
vn -0.002192131046906077 -0.04600237500529012 -0.9989389250876882
vn 0 -1 0
vn 0.005544400598010777 -0.7205481504897899 0.6933827387869934
vn -1.2539740434086705e-7 -0.9999999983673464 -0.00005714272806721204
vn 0 -0.001486418111008775 0.9999988952799896
vn 0 0.999999998367347 0.000057142857054166456
vn 0 0.999999998367347 0.000057142857047399395
vn 0 0.9999999992743764 0.000038095238066153095
vn 0 0.999999998367347 0.00005714285705416644
vn 0 0.0498579155323573 -0.9987563207603588
vn 0 1 0
vn 0 0.2607558320313205 0.9654047835295068
vn -1.2540012371683254e-7 -0.9999999983673467 -0.00005714272568260827
vn -8.359826963640971e-8 -0.9999999992743762 -0.00003809515207936145
vn -1.2540012370197532e-7 -0.9999999983673467 -0.00005714272567584121
vn -0.0021924047828924117 -0.04320864819076947 -0.9990636646794809
vn 0 -1 0
vn 0.005544571594262892 -0.7205809244161117 0.6933486778623424
vn -1.2539740434086705e-7 -0.9999999983673464 -0.00005714272806721204
vn 0 -0.0004938271002801934 0.9999998780673901
vn 0 0.999999998367347 0.000057142857054166456
vn 0 0.999999998367347 0.000057142857047399395
vn 0 0.9999999992743765 0.0000380952380661531
vn 0 0.999999998367347 0.00005714285705416644
vn 0 0.0498579155323573 -0.9987563207603587
vn 0 1 0
vn 0 0.2607558320313205 0.9654047835295069
vn -1.2539740435571858e-7 -0.9999999983673464 -0.0000571427280739791
vn -8.36000825438111e-8 -0.9999999992743764 -0.00003809515048511423
vn -1.253973990993589e-7 -0.9999999983673467 -0.00005714272567869556
vn -0.002169838682563085 -0.051546202112411614 -0.9986682536497684
vn 0 -1 0
vn 0.005545391626628323 -0.7204822343936266 0.6934512229096396
vn -1.2540012370198043e-7 -0.9999999983673467 -0.000057142725675841205
vn 0 -0.0034715840184984447 0.9999939740340451
vn 0 0.999999998367347 0.000057142857054166456
vn 0 0.999999998367347 0.000057142857047399395
vn 0 0.9999999992743765 0.000038095238066153095
vn 0 0.999999998367347 0.00005714285705416644
vn 0 0.0498579155323573 -0.9987563207603587
vn 0 1 0
vn 0 0.2607558320313205 0.9654047835295069
vn 0 1 0
vn 0 1 0
vn 0 1 0
vn 0 0.6757258574807072 -0.7371530136491087
vn 0.9074282754101547 -0.37527791257099163 -0.18905135102006557
vn -0.10021958786355502 0.8908714668890134 -0.4430621442771619
vn 0 1 0
vn -0.7071067811865467 0 0.7071067811865483
vn -0.7071067811865467 0 0.7071067811865483
vn -0.7071067811865467 0 0.7071067811865483
vn 0 -1 0
vn 0 -1 0
vn 0 -1 0
vn 0 1 0
vn 0 0 1
vn 0 -1 0
vn 0 -1 0
vn 0 -0.7910529841125553 -0.6117476410470427
vn 0 0 -1
vn 0 0.06947458064781807 -0.9975837221225144
vn -0.10024306862817316 0.8908693489405941 -0.44306109094589796
vn -0.11716380564418924 0.9167127794132539 -0.381982097365044
vn -1 0 0
vn 0 -1 0
vn 0 0 -1
vn 0 0 1
vn 1 0 0
vn 0 1 0
vn -1 0 0
vn 0 1 0
vn 1 0 0
vn 0 -1 0
vn -1 0 0
vn 1 0 0
vn 0 -0.7910529841125553 0.6117476410470427
vn -0.32551293939651776 0 -0.9455375858660718
vn 1 0 0
vn 0 0.06947458064781807 0.9975837221225144
vn 1 0 0
vn 0 1 0
vn -1 0 0
vn 0 -1 0
vn 1 0 0
vn 0 1 0
vn -0.9561999555074315 0 -0.2927142720941122
vn 0 -1 0
vn 0.9561999555074315 0 -0.2927142720941122
vn 0.32551293939651776 0 -0.9455375858660718
vn 0 -1 0
vn 0 -1 0
vn 0 1 0
vn 0 0 -1
vn 0 -1 0
vn 0 -1 0
vn 0 -0.7910529841125553 0.6117476410470427
vn 0 0 1
vn 0.012139518243948488 0.0703323584621499 0.9974497438216909
vn 0 1 0
vn 0 1 0
vn 0 1 0
vn -0.7071067811865476 0 -0.7071067811865476
vn 0 1 0
vn 0 1 0
vn 0 1 0
vn 0 0.06947458064781807 0.9975837221225144
vn 0 0 1
vn 0 -0.7910529841125553 0.6117476410470427
vn 0 -1 0
vn 0 -1 0
vn 0 0 -1
vn 0 1 0
vn 0 -1 0
vn 0 -1 0
vn 0.7071067811865471 0 -0.7071067811865479
vn 0 -1 0
vn 0 -1 0
vn 0 1 0
vn 0 0 -1
vn 0 -1 0
vn 0 -1 0
vn 0 -0.7910529841125553 0.6117476410470427
vn 0 0 1
vn 0 0.07078252349172548 0.9974917715791661
vn 0 1 0
vn 0 1 0
vn 0 1 0
vn 0.9052369440730292 0 -0.4249071370138699
vn 0 1 0
vn 0 1 0
vn 0 1 0
vn 0 1 0
vn -0.9052369440730292 0 -0.4249071370138699
vn 0 -1 0
vn 0 -1 0
vn 0 -1 0
vn 0 -1 0
vn 1 0 0
vn -1 0 0
vn -1 0 0
vn 1 0 0
vn 0.9561999555074315 0 -0.2927142720941122
vn -0.9561999555074315 0 -0.2927142720941122
vn -0.9052369440730291 0 -0.4249071370138698
vn -0.7071067811865476 0 -0.7071067811865476
vn -0.3255129393965177 0 -0.9455375858660717
vn 0.3255129393965177 0 -0.9455375858660717
vn 0.9052369440730291 0 -0.4249071370138698
vn 0.7071067811865471 0 -0.7071067811865479
vn -0.10024581572959128 0.8908574005978813 0.44308449332908834
vn 0 0.6757270288463552 0.7371519398919582
vn -0.1566934182688918 0.8224459869471259 0.5468361465976607
vn 0 0.9384717026614086 0.34535613980903396
vn -0.2913647776960567 0.6749192941924693 0.6779310530170946
vn 0 0.9384717026614086 0.3453561398090339
vn 0.20315048274262135 -0.49689614319445613 0.8436966897172911
vn -0.1557286893716444 0.8187941639896862 0.5525619352823905
vn 0.5512813945814861 -0.5816424585222255 0.5981478700392681
vn -0.07460903657047613 0.8831937638175638 0.46303592432530616
vn 0 0.9177090632809474 0.3972531625701755
vn -1 0 0
vn -1 0 0
vn -0.876722815666694 0.26425375952577645 0.40190428595121674
vn -0.9537820590665388 -0.2854264954674013 -0.09397605805731105
vn -0.7284334329507594 0.1949616305452546 -0.6567912121631253
vn -0.09975257601694398 -0.8212878570582748 -0.5617256264642116
vn 1 0 0
vn 1 0 0
vn 0.06409381897963641 0.5095302613777901 0.8580622909258316
vn 0.09975257601694411 0.8212878570582747 0.5617256264642115
vn -1 0 0
vn 0.0000011732461268734242 0.6757258574802423 0.7371530136486013
vn 0.7392562352001374 -0.6491213749477416 0.1792809507551566
vn 0.002172771676907788 -0.0015510933090320672 -0.9999964365800446
vn 0.7071067811865471 0 -0.7071067811865479
vn 0.9052369440730291 0 -0.4249071370138698
vn 0.9561999555074315 0 -0.2927142720941122
vn 1 0 0
vn 1 0 0
vn 1 0 0
vn -0.7071067811865476 0 -0.7071067811865476
vn -0.9052369440730291 0 -0.4249071370138698
vn -0.9561999555074315 0 -0.2927142720941122
vn -1 0 0
vn -1 0 0
vn -1 0 0
vn 0.7930312795923824 -0.02516351377625565 -0.6086609788400279
vn -0.8294964028527065 0 -0.5585120568568063
vn 0.27006765689679635 0.5582571750804844 -0.7844822414621198
vn 0 0.2607558320313205 -0.9654047835295069
vn -0.27006765689679635 0.5582571750804844 -0.7844822414621198
vn 0.11956167566746466 -0.9301015887893904 -0.34729820074834833
vn 0.005600428791502012 -0.7204781021263708 -0.6934550739260145
vn -0.11337011666799522 -0.9373900125153356 -0.32931319603560383
vn -0.9999986151237802 0 -0.0016642567475952396
vn 0 -1 0
vn 0.9996724582106368 -0.025538235113943833 0.0016657858108990913
vn 0 1 0
vn -0.019320334677106518 0.0009540906013385909 0.9998128896844094
vn -0.008068746282006796 -0.04196393414177582 0.9990865445819904
vn 0.020598704429689686 0.004024981468389384 0.9997797221888418
vn 0 0.0498579155323573 0.9987563207603587
vn -0.998782369344427 0.0493225861404653 -0.0010301374419624757
vn -1.2415854115965716e-7 -0.9999999983673467 0.000057142726983313815
vn 0.9999951370285481 0.0029374778175658782 0.0010474460972014926
vn 0 0.999999998367347 -0.00005714285704739937
vn -1.2415854115965708e-7 -0.9999999983673467 0.00005714272698331379
vn -0.008064832276623867 -0.05224167772922821 0.9986019054600214
vn 0 -1 0
vn 0.005599871464697919 -0.7205445209567335 -0.6933860647278761
vn 0.0021727202094620483 -0.0025152428445571686 -0.9999944764049072
vn 0 0.999999998367347 -0.000057142857047399375
vn 0 0.04985791553235729 0.9987563207603587
vn 0 1 0
vn 0 0.2607558320313205 -0.9654047835295069
vn -1.2415584867137806e-7 -0.9999999983673465 0.000057142729351007814
vn -0.008060070135093713 -0.06250269511212145 0.9980122486087727
vn 0 -1 0
vn 0.005599591693928872 -0.7205778575415657 -0.6933514230126513
vn 0.00217271393043103 -0.0034794082294581467 -0.9999915864808812
vn 0 0.999999998367347 -0.000057142857047399375
vn 0 0.0498579155323573 0.9987563207603588
vn 0 1 0
vn 0 0.2607558320313205 -0.9654047835295068
vn -1.241585411449336e-7 -0.9999999983673467 0.000057142726976546754
vn -0.9987823495897726 0.049322585164927345 -0.0010491618472931144
vn 0 0.999999998367347 -0.00005714285705416647
vn 0 0.999999998367347 -0.00005714285705416647
vn 0 0.999999998367347 -0.00005714285705416647
vn 0.9999951370285481 0.0029374778175658895 0.0010474460972031657
vn -1.241585411449336e-7 -0.9999999983673467 0.000057142726976546754
vn -1.241585411449897e-7 -0.9999999983673467 0.000057142726976546754
vn -1.241585411596291e-7 -0.9999999983673467 0.000057142726983313815
vn 0.0021727739164080604 -0.0005869172011235611 -0.9999974672876463
vn 0 0.999999998367347 -0.000057142857047399375
vn 0 0.999999998367347 -0.00005714285705416647
vn 0 0.04985791553235731 0.9987563207603588
vn 0 1 0
vn 0 0.2607558320313205 -0.9654047835295069
vn -1.2415584351845818e-7 -0.9999999983673467 0.000057142726979372835
vn -0.008071808311829576 -0.03167300554970795 0.9994656905717302
vn 0 -1 0
vn 0.005600151250478114 -0.7205111793748872 -0.6934207083018079
vn -4.574169307940674e-8 -0.9999999997783927 0.000021052614239790725
vn -4.5741692381962256e-8 -0.9999999997783927 0.000021052613918796656
vn -4.5742686247217346e-8 -0.9999999997783927 0.00002105261391841306
vn 0.9999956216155992 0.002934824799575849 0.00037888392345854346
vn 0 0.9999999997783934 -0.000021052631575978098
vn 0 0.9999999997783934 -0.000021052631575978098
vn 0 0.9999999997783935 -0.000021052631575978098
vn 0 0.9999999997783934 -0.000021052631575978095
vn -0.9987828246772067 0.04932260862603468 -0.000386533496022358
vn -4.574169307940674e-8 -0.9999999997783927 0.000021052614239790725
vn -8.27705658461926e-8 -0.9999999992743762 0.000038095152930713944
vn -8.277056584622762e-8 -0.9999999992743762 0.000038095152930713923
vn -8.277056242070944e-8 -0.9999999992743764 0.000038095151354135314
vn 0.999995156962253 0.002937402472546362 0.0010284545461145779
vn 0 0.9999999992743764 -0.00003809523806615309
vn 0 0.9999999992743765 -0.00003809523806615308
vn 0 0.9999999992743765 -0.00003809523806615308
vn 0 0.9999999992743764 -0.00003809523806615309
vn -0.9987823505737959 0.04932258521352109 -0.0010482223705132066
vn -8.277056584619256e-8 -0.9999999992743762 0.000038095152930713923
vn -1.2539739911421616e-7 -0.9999999983673467 0.00005714272568546259
vn -8.359826963640113e-8 -0.9999999992743762 0.000038095152079361454
vn -1.254001237019832e-7 -0.9999999983673467 0.000057142725675841205
vn -0.0021918402400678276 -0.04879506447134349 0.9988064064269911
vn 0 -1 0
vn 0.005544677612367841 -0.7205148094305693 -0.6934173822031038
vn -4.620011272224554e-8 -0.9999999997783927 0.00002105261374186249
vn 0 -0.002479004728326199 -0.9999969272630577
vn 0 0.9999999997783934 -0.000021052631575978098
vn 0 0.999999998367347 -0.000057142857047399375
vn 0 0.9999999992743765 -0.00003809523806615308
vn 0 0.999999998367347 -0.00005714285705416647
vn 0 0.049857915532357286 0.9987563207603588
vn 0 1 0
vn 0 0.2607558320313205 -0.9654047835295069
vn -1.2540012371681867e-7 -0.9999999983673467 0.00005714272568260827
vn -8.359826963640117e-8 -0.9999999992743763 0.000038095152079361474
vn -1.254001237019832e-7 -0.9999999983673467 0.000057142725675841205
vn -0.0021921310469060766 -0.04600237500529012 0.9989389250876882
vn 0 -1 0
vn 0.005544400598010777 -0.7205481504897899 -0.6933827387869934
vn -4.6199109629807504e-8 -0.9999999997783928 0.000021052614066453926
vn 0 -0.0014864181110087753 -0.9999988952799896
vn 0 0.9999999997783934 -0.000021052631575978095
vn 0 0.999999998367347 -0.00005714285704739937
vn 0 0.9999999992743764 -0.00003809523806615309
vn 0 0.999999998367347 -0.00005714285705416647
vn 0 0.04985791553235729 0.9987563207603588
vn 0 1 0
vn 0 0.2607558320313205 -0.9654047835295068
vn -1.2540012371681867e-7 -0.9999999983673467 0.00005714272568260827
vn -8.359826963640113e-8 -0.9999999992743762 0.000038095152079361454
vn -1.254001237019832e-7 -0.9999999983673467 0.000057142725675841205
vn -0.0021924047828924117 -0.04320864819076948 0.9990636646794809
vn 0 -1 0
vn 0.005544571594262891 -0.7205809244161117 -0.6933486778623423
vn -4.6199109629807504e-8 -0.9999999997783928 0.000021052614066453926
vn 0 -0.0004938271002801935 -0.9999998780673901
vn 0 0.9999999997783935 -0.000021052631575978098
vn 0 0.999999998367347 -0.000057142857047399375
vn 0 0.9999999992743765 -0.00003809523806615308
vn 0 0.999999998367347 -0.00005714285705416647
vn 0 0.049857915532357314 0.9987563207603587
vn 0 1 0
vn 0 0.2607558320313205 -0.9654047835295069
vn -1.2539740435570474e-7 -0.9999999983673464 0.000057142728073979106
vn -8.360008254383273e-8 -0.9999999992743764 0.00003809515048511423
vn -1.2539739909936682e-7 -0.9999999983673467 0.00005714272567869556
vn -0.0021698386825630836 -0.05154620211241163 0.9986682536497684
vn 0 -1 0
vn 0.005545391626628323 -0.7204822343936266 -0.6934512229096396
vn -4.6200112722235215e-8 -0.9999999997783927 0.000021052613741862492
vn 0 -0.0034715840184984413 -0.9999939740340451
vn 0 0.9999999997783935 -0.000021052631575978098
vn 0 0.999999998367347 -0.000057142857047399375
vn 0 0.9999999992743765 -0.00003809523806615309
vn 0 0.999999998367347 -0.00005714285705416647
vn 0 0.049857915532357314 0.9987563207603587
vn 0 1 0
vn 0 0.2607558320313205 -0.9654047835295069
vn 0 1 0
vn 0 1 0
vn 0 1 0
vn 0 0.6757258574807072 0.7371530136491087
vn 0.9074282754101547 -0.3752779125709915 0.18905135102006557
vn 0 1 0
vn -0.7071067811865467 0 -0.7071067811865483
vn -0.7071067811865467 0 -0.7071067811865483
vn -0.7071067811865467 0 -0.7071067811865483
vn 0 -1 0
vn 0 -1 0
vn 0 -1 0
vn 0 1 0
vn 0 0 -1
vn 0 -1 0
vn 0 -1 0
vn 0 -0.7910529841125553 0.6117476410470427
vn 0 0 1
vn 0 0.06947458064781807 0.9975837221225144
vn -0.10024306862817317 0.8908693489405941 0.44306109094589796
vn -0.11716380564418914 0.9167127794132539 0.381982097365044
vn 0.9096050995879592 0.2944764710896264 0.29309072107144424
vn -0.9081150248714178 0.299509837152603 0.29261059285611285
vn 0 1 0
vn 0 -1 0
vn -0.31317114811787194 0.32524240033083496 0.8922674559870325
vn -0.3137393142972121 0.3202109212177361 -0.8938862391810292
vn 0.9081150248714178 0.299509837152603 -0.29261059285611285
vn 0 -1 0
vn -0.9096050995879594 0.29447647108962643 -0.29309072107144424
vn 0 1 0
vn 0.31373931429721214 0.32021092121773614 0.8938862391810292
vn 0 -1 0
vn 0 -1 0
vn 0.31317114811787183 0.3252424003308349 -0.8922674559870325
vn 0 1 0
vn 0 1 0
vn -0.10021958786355506 0.8908714668890134 0.4430621442771619
vn 0.910943364546932 0.2949097223353375 0.2884622024806884
vn 0.3185565855785614 0.3208467095156207 0.8919524038745159
vn -0.3181175711363409 0.32467436337680616 0.8907231717543791
vn -0.9098227898195408 0.29869154915390733 0.28810735774885554
vn -0.910943364546932 0.2949097223353375 -0.2884622024806884
vn -0.3185565855785614 0.32084670951562066 -0.8919524038745159
vn 0.3181175711363409 0.32467436337680616 -0.8907231717543791
vn 0.9098227898195408 0.29869154915390733 -0.28810735774885554
vn 0.9081150248714173 0.29950983715260404 0.29261059285611274
vn 0.9096050995879591 0.29447647108962755 -0.2930907210714441
vn 0.3137393142972121 0.3202109212177373 -0.8938862391810287
vn -0.3131721942449806 0.32523321604231137 -0.8922704365463194
vn -0.9081150248714173 0.29950983715260404 -0.29261059285611274
vn -0.909605099587959 0.29447647108962755 0.2930907210714441
vn -0.313739314297212 0.32021092121773725 0.8938862391810287
vn 0.3131721942449806 0.32523321604231126 0.8922704365463194
usemtl m_e463f441-a9b0-5143-c4bb-59b7b1cfe7db
f 2/1/1 3/2/1 4/3/1 5/4/1
f 6/5/2 2/6/2 5/7/2 7/8/2
f 8/9/3 6/10/3 7/11/3 9/12/3
f 3/13/4 8/14/4 9/15/4 4/16/4
f 9/17/5 7/18/5 5/19/5 4/20/5
f 3/21/6 2/22/6 6/23/6 8/24/6
f 10/25/7 11/26/7 12/27/7 13/28/7
f 14/29/8 10/30/8 13/31/8 15/32/8
f 16/33/9 14/34/9 15/35/9 17/36/9
f 11/37/10 16/38/10 17/39/10 12/40/10
f 17/41/11 15/42/11 13/43/11 12/44/11
f 11/45/12 10/46/12 14/47/12 16/48/12
f 18/49/13 19/50/13 20/51/13 21/52/13
f 22/53/14 18/54/14 21/55/14 23/56/14
f 24/57/15 22/58/15 23/59/15 25/60/15
f 19/61/16 24/62/16 25/63/16 20/64/16
f 25/65/17 23/66/17 21/67/17 20/68/17
f 19/69/18 18/70/18 22/71/18 24/72/18
f 26/73/19 27/74/19 28/75/19 29/76/19
f 30/77/20 26/78/20 29/79/20 31/80/20
f 32/81/21 30/82/21 31/83/21 33/84/21
f 27/85/22 32/86/22 33/87/22 28/88/22
f 33/89/23 31/90/23 29/91/23 28/92/23
f 27/93/24 26/94/24 30/95/24 32/96/24
f 37/97/25 35/98/25 34/99/25 36/100/25
f 40/101/26 38/102/26 39/103/26 41/104/26
f 34/105/27 35/106/27 39/107/27 38/108/27
f 37/109/28 36/110/28 40/111/28 41/112/28
f 36/113/29 34/114/29 38/115/29 40/116/29
f 41/117/30 39/118/30 35/119/30 37/120/30
f 45/121/31 43/122/31 42/123/31 44/124/31
f 48/125/32 46/126/32 47/127/32 49/128/32
f 42/129/33 43/130/33 47/131/33 46/132/33
f 45/133/34 44/134/34 48/135/34 49/136/34
f 44/137/35 42/138/35 46/139/35 48/140/35
f 49/141/36 47/142/36 43/143/36 45/144/36
f 56/145/37 54/146/37 55/147/37 57/148/37
f 83/149/38 96/150/38 95/151/38 84/152/38
usemtl none
f 82/153/39 97/154/39 96/155/39 83/156/39
usemtl m_e463f441-a9b0-5143-c4bb-59b7b1cfe7db
f 86/157/40 93/158/40 92/159/40 87/160/40
f 53/161/41 51/162/41 50/163/41 52/164/41
f 81/165/42 98/166/42 97/167/42 82/168/42
f 58/169/43 60/170/43 57/171/43 55/172/43
f 140/173/44 138/174/44 121/175/44 120/176/44
f 61/177/45 59/178/45 51/179/45 53/180/45
f 84/181/46 95/182/46 94/183/46 85/184/46
f 62/185/47 64/186/47 60/187/47 58/188/47
f 65/189/48 63/190/48 59/191/48 61/192/48
f 85/193/49 94/194/49 93/195/49 86/196/49
f 79/197/50 90/198/50 89/199/50 80/200/50
f 152/201/51 68/202/51 51/203/51 59/204/51
f 87/205/52 92/206/52 91/207/52 88/208/52
f 69/209/53 152/210/53 59/211/53 63/212/53
f 120/213/54 121/214/54 124/215/54 125/216/54
f 73/217/55 72/218/55 67/219/55 55/220/55
usemtl none
f 117/221/56 99/222/56 98/223/56 81/224/56
usemtl m_e463f441-a9b0-5143-c4bb-59b7b1cfe7db
f 71/225/57 74/226/57 51/227/57 68/228/57
f 124/229/58 131/230/58 130/231/58 125/232/58
f 73/233/59 113/234/59 112/235/59 72/236/59
usemtl none
f 117/237/60 115/238/60 114/239/60 99/240/60
usemtl m_e463f441-a9b0-5143-c4bb-59b7b1cfe7db
f 71/241/61 111/242/61 110/243/61 74/244/61
f 80/245/62 101/246/62 100/247/62 79/248/62
usemtl none
f 102/249/63 116/250/63 115/251/63 117/252/63
f 81/253/64 103/254/64 102/255/64 117/256/64
usemtl m_e463f441-a9b0-5143-c4bb-59b7b1cfe7db
f 82/257/65 104/258/65 103/259/65 81/260/65
usemtl none
f 83/261/66 105/262/66 104/263/66 82/264/66
usemtl m_e463f441-a9b0-5143-c4bb-59b7b1cfe7db
f 84/265/67 106/266/67 105/267/67 83/268/67
f 85/269/68 107/270/68 106/271/68 84/272/68
f 86/273/69 108/274/69 107/275/69 85/276/69
f 87/277/70 109/278/70 108/279/70 86/280/70
f 88/281/71 157/282/71 109/283/71 87/284/71
f 120/285/72 118/286/72 141/287/72 140/288/72
f 125/289/73 126/290/73 118/291/73 120/292/73
f 125/293/74 130/294/74 129/295/74 126/296/74
f 90/297/75 304/298/75 305/299/75 89/300/75
f 124/301/76 297/302/76 296/303/76 131/304/76
f 121/305/77 298/306/77 297/307/77 124/308/77
f 138/309/78 299/310/78 298/311/78 121/312/78
f 92/313/79 314/314/79 315/315/79 91/316/79
f 93/317/80 313/318/80 314/319/80 92/320/80
f 94/321/81 312/322/81 313/323/81 93/324/81
f 95/325/82 311/326/82 312/327/82 94/328/82
f 96/329/83 310/330/83 311/331/83 95/332/83
usemtl none
f 97/333/84 309/334/84 310/335/84 96/336/84
usemtl m_e463f441-a9b0-5143-c4bb-59b7b1cfe7db
f 98/337/85 308/338/85 309/339/85 97/340/85
usemtl none
f 99/341/86 307/342/86 308/343/86 98/344/86
f 114/345/87 306/346/87 307/347/87 99/348/87
usemtl m_e463f441-a9b0-5143-c4bb-59b7b1cfe7db
f 75/349/88 100/350/88 101/351/88 78/352/88
usemtl none
f 74/353/89 110/354/89 116/355/89 102/356/89
f 74/357/90 102/358/90 103/359/90 51/360/90
usemtl m_e463f441-a9b0-5143-c4bb-59b7b1cfe7db
f 51/361/91 103/362/91 104/363/91 50/364/91
usemtl none
f 50/365/92 104/366/92 105/367/92 52/368/92
usemtl m_e463f441-a9b0-5143-c4bb-59b7b1cfe7db
f 52/369/93 105/370/93 106/371/93 53/372/93
f 53/373/94 106/374/94 107/375/94 61/376/94
f 61/377/95 107/378/95 108/379/95 65/380/95
f 65/381/96 108/382/96 109/383/96 63/384/96
f 63/385/97 109/386/97 157/387/97 69/388/97
f 142/389/98 141/390/98 118/391/98 119/392/98
f 119/393/99 118/394/99 126/395/99 127/396/99
f 126/397/100 129/398/100 128/399/100 127/400/100
f 78/401/101 110/402/101 111/403/101 75/404/101
f 137/405/102 128/406/102 129/407/102 136/408/102
f 136/409/103 129/410/103 130/411/103 135/412/103
f 135/413/104 130/414/104 131/415/104 133/416/104
f 131/417/105 296/418/105 302/419/105 133/420/105
f 76/421/106 112/422/106 113/423/106 77/424/106
usemtl none
f 89/425/107 305/426/107 306/427/107 114/428/107
f 89/429/108 114/430/108 115/431/108 80/432/108
f 80/433/109 115/434/109 116/435/109 101/436/109
f 101/437/110 116/438/110 110/439/110 78/440/110
usemtl m_e463f441-a9b0-5143-c4bb-59b7b1cfe7db
f 152/441/111 165/442/111 164/443/111 68/444/111
f 67/445/112 169/446/112 170/447/112 66/448/112
f 72/449/113 168/450/113 169/451/113 67/452/113
f 68/453/114 164/454/114 163/455/114 71/456/114
f 71/457/115 163/458/115 162/459/115 111/460/115
f 112/461/116 167/462/116 168/463/116 72/464/116
f 76/465/117 166/466/117 167/467/117 112/468/117
f 158/469/118 303/470/118 304/471/118 90/472/118
f 79/473/119 159/474/119 158/475/119 90/476/119
f 100/477/120 160/478/120 159/479/120 79/480/120
f 111/481/121 162/482/121 161/483/121 75/484/121
f 75/485/122 161/486/122 160/487/122 100/488/122
f 150/489/123 301/490/123 149/491/123
f 138/492/124 140/493/124 144/494/124 143/495/124
f 149/496/125 147/497/125 148/498/125 150/499/125
f 140/500/126 141/501/126 156/502/126 144/503/126
f 147/504/127 154/505/127 155/506/127 148/507/127
f 141/508/128 142/509/128 156/510/128
f 154/511/129 147/512/129 144/513/129 156/514/129
f 148/515/130 155/516/130 157/517/130 88/518/130
f 147/519/131 149/520/131 143/521/131 144/522/131
f 150/523/132 148/524/132 88/525/132 91/526/132
f 91/527/133 315/528/133 316/529/133 150/530/133
f 67/531/134 66/532/134 58/533/134 55/534/134
f 66/535/135 70/536/135 62/537/135 58/538/135
f 155/539/136 154/540/136 156/541/136
usemtl none
f 154/542/137 155/543/137 146/544/137 145/545/137
f 156/546/138 154/547/138 145/548/138 142/549/138
f 155/550/139 157/551/139 69/552/139 146/553/139
usemtl m_e463f441-a9b0-5143-c4bb-59b7b1cfe7db
f 153/554/140 165/555/140 152/556/140
f 152/557/141 69/558/141 153/559/141
f 153/560/142 155/561/142 156/562/142 142/563/142
f 69/564/143 157/565/143 155/566/143 153/567/143
f 170/568/144 70/569/144 66/570/144
f 143/571/145 300/572/145 299/573/145 138/574/145
f 149/575/146 301/576/146 300/577/146 143/578/146
usemtl none
f 209/579/147 258/580/147 259/581/147 210/582/147
usemtl m_e463f441-a9b0-5143-c4bb-59b7b1cfe7db
f 136/583/148 160/584/148 161/585/148 137/586/148
f 137/587/149 161/588/149 162/589/149 128/590/149
f 128/591/150 162/592/150 163/593/150 127/594/150
f 127/595/151 163/596/151 164/597/151 119/598/151
f 119/599/152 164/600/152 165/601/152 142/602/152
f 142/603/153 165/604/153 153/605/153
f 133/606/154 302/607/154 303/608/154 158/609/154
f 132/610/155 167/611/155 166/612/155 134/613/155
f 123/614/156 168/615/156 167/616/156 132/617/156
f 122/618/157 169/619/157 168/620/157 123/621/157
f 139/622/158 170/623/158 169/624/158 122/625/158
f 170/626/159 139/627/159 70/628/159
f 174/629/160 171/630/160 160/631/160 136/632/160
f 173/633/161 172/634/161 133/635/161 158/636/161
f 174/637/162 136/638/162 135/639/162
f 135/640/163 293/641/163 174/642/163
f 135/643/164 133/644/164 172/645/164
f 159/646/165 160/647/165 171/648/165
usemtl none
f 159/649/166 272/650/166 173/651/166
usemtl m_e463f441-a9b0-5143-c4bb-59b7b1cfe7db
f 173/652/167 158/653/167 159/654/167
f 176/655/168 175/656/168 172/657/168 173/658/168
f 217/659/169 257/660/169 256/661/169 216/662/169
f 178/663/170 177/664/170 171/665/170 174/666/170
f 213/667/171 264/668/171 265/669/171 214/670/171
f 180/671/172 179/672/172 175/673/172 176/674/172
f 216/675/173 256/676/173 255/677/173 215/678/173
f 182/679/174 181/680/174 177/681/174 178/682/174
f 212/683/175 263/684/175 264/685/175 213/686/175
f 203/687/176 227/688/176 226/689/176 204/690/176
f 295/691/177 253/692/177 252/693/177 218/694/177
f 207/695/178 222/696/178 221/697/178 208/698/178
f 225/699/179 260/700/179 261/701/179 211/702/179
f 266/703/180 239/704/180 238/705/180 219/706/180
f 189/707/181 242/708/181 241/709/181 188/710/181
f 190/711/182 243/712/182 242/713/182 189/714/182
f 159/715/183 243/716/183 190/717/183
usemtl none
f 187/718/184 244/719/184 245/720/184 191/721/184
f 224/722/185 246/723/185 247/724/185 205/725/185
usemtl m_e463f441-a9b0-5143-c4bb-59b7b1cfe7db
f 192/726/186 249/727/186 250/728/186 193/729/186
f 193/730/187 250/731/187 251/732/187 194/733/187
f 135/734/188 265/735/188 194/736/188
f 294/737/189 281/738/189 1/739/189 220/740/189
f 197/741/190 284/742/190 283/743/190 196/744/190
f 198/745/191 285/746/191 284/747/191 197/748/191
f 159/749/192 285/750/192 198/751/192
usemtl none
f 195/752/193 286/753/193 287/754/193 199/755/193
usemtl m_e463f441-a9b0-5143-c4bb-59b7b1cfe7db
f 223/756/194 288/757/194 289/758/194 206/759/194
f 200/760/195 291/761/195 292/762/195 201/763/195
f 201/764/196 292/765/196 293/766/196 202/767/196
f 135/768/197 251/769/197 202/770/197
f 215/771/198 255/772/198 254/773/198 228/774/198
f 180/775/199 237/776/199 236/777/199 179/778/199
f 235/779/200 262/780/200 263/781/200 212/782/200
f 234/783/201 248/784/201 249/785/201 192/786/201
f 233/787/202 290/788/202 291/789/202 200/790/202
f 182/791/203 232/792/203 231/793/203 181/794/203
f 196/795/204 283/796/204 282/797/204 230/798/204
f 188/799/205 241/800/205 240/801/205 229/802/205
f 203/803/206 268/804/206 267/805/206 227/806/206
usemtl none
f 184/807/207 273/808/207 274/809/207 183/810/207
usemtl m_e463f441-a9b0-5143-c4bb-59b7b1cfe7db
f 226/811/208 275/812/208 276/813/208 204/814/208
f 236/815/209 277/816/209 278/817/209 179/818/209
f 179/819/210 278/820/210 279/821/210 175/822/210
f 175/823/211 279/824/211 280/825/211 172/826/211
f 135/827/212 280/828/212 214/829/212
f 180/830/213 270/831/213 269/832/213 237/833/213
f 176/834/214 271/835/214 270/836/214 180/837/214
f 173/838/215 272/839/215 271/840/215 176/841/215
f 159/842/216 257/843/216 217/844/216
f 218/845/217 252/846/217 258/847/217 209/848/217
f 219/849/218 238/850/218 244/851/218 187/852/218
usemtl none
f 220/853/219 1/854/219 286/855/219 195/856/219
usemtl m_e463f441-a9b0-5143-c4bb-59b7b1cfe7db
f 185/857/220 221/858/220 222/859/220 186/860/220
usemtl none
f 199/861/221 287/862/221 288/863/221 223/864/221
f 191/865/222 245/866/222 246/867/222 224/868/222
f 210/869/223 259/870/223 260/871/223 225/872/223
usemtl m_e463f441-a9b0-5143-c4bb-59b7b1cfe7db
f 183/873/224 274/874/224 275/875/224 226/876/224
f 183/877/225 226/878/225 227/879/225 184/880/225
f 227/881/226 267/882/226 273/883/226 184/884/226
f 228/885/227 254/886/227 253/887/227 295/888/227
f 229/889/228 240/890/228 239/891/228 266/892/228
f 230/893/229 282/894/229 281/895/229 294/896/229
f 208/897/230 231/898/230 232/899/230 207/900/230
f 206/901/231 289/902/231 290/903/231 233/904/231
f 205/905/232 247/906/232 248/907/232 234/908/232
f 211/909/233 261/910/233 262/911/233 235/912/233
f 204/913/234 276/914/234 277/915/234 236/916/234
f 204/917/235 236/918/235 237/919/235 203/920/235
f 237/921/236 269/922/236 268/923/236 203/924/236
f 220/925/237 238/926/237 239/927/237 294/928/237
f 294/929/238 239/930/238 240/931/238 230/932/238
f 230/933/239 240/934/239 241/935/239 196/936/239
f 196/937/240 241/938/240 242/939/240 197/940/240
f 197/941/241 242/942/241 243/943/241 198/944/241
f 198/945/242 243/946/242 159/947/242
f 195/948/243 244/949/243 238/950/243 220/951/243
usemtl none
f 199/952/244 245/953/244 244/954/244 195/955/244
f 223/956/245 246/957/245 245/958/245 199/959/245
usemtl m_e463f441-a9b0-5143-c4bb-59b7b1cfe7db
f 206/960/246 247/961/246 246/962/246 223/963/246
f 233/964/247 248/965/247 247/966/247 206/967/247
f 200/968/248 249/969/248 248/970/248 233/971/248
f 201/972/249 250/973/249 249/974/249 200/975/249
f 202/976/250 251/977/250 250/978/250 201/979/250
f 194/980/251 251/981/251 135/982/251
f 219/983/252 252/984/252 253/985/252 266/986/252
f 266/987/253 253/988/253 254/989/253 229/990/253
f 229/991/254 254/992/254 255/993/254 188/994/254
f 188/995/255 255/996/255 256/997/255 189/998/255
f 189/999/256 256/1000/256 257/1001/256 190/1002/256
f 190/1003/257 257/1004/257 159/1005/257
f 187/1006/258 258/1007/258 252/1008/258 219/1009/258
usemtl none
f 191/1010/259 259/1011/259 258/1012/259 187/1013/259
f 224/1014/260 260/1015/260 259/1016/260 191/1017/260
f 205/1018/261 261/1019/261 260/1020/261 224/1021/261
usemtl m_e463f441-a9b0-5143-c4bb-59b7b1cfe7db
f 234/1022/262 262/1023/262 261/1024/262 205/1025/262
f 192/1026/263 263/1027/263 262/1028/263 234/1029/263
f 193/1030/264 264/1031/264 263/1032/264 192/1033/264
f 194/1034/265 265/1035/265 264/1036/265 193/1037/265
f 214/1038/266 265/1039/266 135/1040/266
f 218/1041/267 267/1042/267 268/1043/267 295/1044/267
f 295/1045/268 268/1046/268 269/1047/268 228/1048/268
f 228/1049/269 269/1050/269 270/1051/269 215/1052/269
f 215/1053/270 270/1054/270 271/1055/270 216/1056/270
f 216/1057/271 271/1058/271 272/1059/271 217/1060/271
f 217/1061/272 272/1062/272 159/1063/272
usemtl none
f 209/1064/273 273/1065/273 267/1066/273 218/1067/273
f 210/1068/274 274/1069/274 273/1070/274 209/1071/274
f 225/1072/275 275/1073/275 274/1074/275 210/1075/275
usemtl m_e463f441-a9b0-5143-c4bb-59b7b1cfe7db
f 211/1076/276 276/1077/276 275/1078/276 225/1079/276
f 235/1080/277 277/1081/277 276/1082/277 211/1083/277
f 212/1084/278 278/1085/278 277/1086/278 235/1087/278
f 213/1088/279 279/1089/279 278/1090/279 212/1091/279
f 214/1092/280 280/1093/280 279/1094/280 213/1095/280
f 172/1096/281 280/1097/281 135/1098/281
f 221/1099/282 1/1100/282 281/1101/282 208/1102/282
f 208/1103/283 281/1104/283 282/1105/283 231/1106/283
f 231/1107/284 282/1108/284 283/1109/284 181/1110/284
f 181/1111/285 283/1112/285 284/1113/285 177/1114/285
f 177/1115/286 284/1116/286 285/1117/286 171/1118/286
f 171/1119/287 285/1120/287 159/1121/287
usemtl none
f 185/1122/288 286/1123/288 1/1124/288 221/1125/288
f 186/1126/289 287/1127/289 286/1128/289 185/1129/289
usemtl m_e463f441-a9b0-5143-c4bb-59b7b1cfe7db
f 222/1130/290 288/1131/290 287/1132/290 186/1133/290
f 207/1134/291 289/1135/291 288/1136/291 222/1137/291
f 232/1138/292 290/1139/292 289/1140/292 207/1141/292
f 182/1142/293 291/1143/293 290/1144/293 232/1145/293
f 178/1146/294 292/1147/294 291/1148/294 182/1149/294
f 174/1150/295 293/1151/295 292/1152/295 178/1153/295
f 202/1154/296 293/1155/296 135/1156/296
f 132/1157/297 296/1158/297 297/1159/297 123/1160/297
f 123/1161/298 297/1162/298 298/1163/298 122/1164/298
f 122/1165/299 298/1166/299 299/1167/299 139/1168/299
f 139/1169/300 299/1170/300 300/1171/300 70/1172/300
f 70/1173/301 300/1174/301 301/1175/301 151/1176/301
f 316/1177/302 301/1178/302 150/1179/302
f 134/1180/303 302/1181/303 296/1182/303 132/1183/303
f 166/1184/304 303/1185/304 302/1186/304 134/1187/304
f 76/1188/305 304/1189/305 303/1190/305 166/1191/305
f 77/1192/306 305/1193/306 304/1194/306 76/1195/306
usemtl none
f 113/1196/307 306/1197/307 305/1198/307 77/1199/307
f 73/1200/308 307/1201/308 306/1202/308 113/1203/308
f 55/1204/309 308/1205/309 307/1206/309 73/1207/309
usemtl m_e463f441-a9b0-5143-c4bb-59b7b1cfe7db
f 54/1208/310 309/1209/310 308/1210/310 55/1211/310
usemtl none
f 56/1212/311 310/1213/311 309/1214/311 54/1215/311
usemtl m_e463f441-a9b0-5143-c4bb-59b7b1cfe7db
f 57/1216/312 311/1217/312 310/1218/312 56/1219/312
f 60/1220/313 312/1221/313 311/1222/313 57/1223/313
f 64/1224/314 313/1225/314 312/1226/314 60/1227/314
f 62/1228/315 314/1229/315 313/1230/315 64/1231/315
f 70/1232/316 315/1233/316 314/1234/316 62/1235/316
f 316/1236/317 151/1237/317 301/1238/317
f 151/1239/318 316/1240/318 315/1241/318 70/1242/318
f 323/1243/319 322/1244/319 324/1245/319 325/1246/319
f 363/1247/320 364/1248/320 351/1249/320 352/1250/320
usemtl none
f 364/1251/321 365/1252/321 350/1253/321 351/1254/321
usemtl m_e463f441-a9b0-5143-c4bb-59b7b1cfe7db
f 360/1255/322 361/1256/322 354/1257/322 355/1258/322
f 318/1259/323 319/1260/323 321/1261/323 320/1262/323
f 365/1263/324 366/1264/324 349/1265/324 350/1266/324
f 325/1267/325 328/1268/325 326/1269/325 323/1270/325
f 389/1271/326 406/1272/326 408/1273/326 388/1274/326
f 319/1275/327 327/1276/327 329/1277/327 321/1278/327
f 362/1279/328 363/1280/328 352/1281/328 353/1282/328
f 328/1283/329 332/1284/329 330/1285/329 326/1286/329
f 327/1287/330 331/1288/330 333/1289/330 329/1290/330
f 361/1291/331 362/1292/331 353/1293/331 354/1294/331
f 357/1295/332 358/1296/332 347/1297/332 348/1298/332
f 319/1299/333 336/1300/333 419/1301/333 327/1302/333
f 359/1303/334 360/1304/334 355/1305/334 356/1306/334
f 327/1307/335 419/1308/335 337/1309/335 331/1310/335
f 392/1311/336 389/1312/336 388/1313/336 393/1314/336
f 335/1315/337 340/1316/337 341/1317/337 323/1318/337
usemtl none
f 366/1319/338 367/1320/338 385/1321/338 349/1322/338
usemtl m_e463f441-a9b0-5143-c4bb-59b7b1cfe7db
f 319/1323/339 342/1324/339 339/1325/339 336/1326/339
f 398/1327/340 399/1328/340 392/1329/340 393/1330/340
f 380/1331/341 381/1332/341 341/1333/341 340/1334/341
usemtl none
f 382/1335/342 383/1336/342 385/1337/342 367/1338/342
usemtl m_e463f441-a9b0-5143-c4bb-59b7b1cfe7db
f 378/1339/343 379/1340/343 339/1341/343 342/1342/343
f 368/1343/344 369/1344/344 348/1345/344 347/1346/344
usemtl none
f 383/1347/345 384/1348/345 370/1349/345 385/1350/345
f 370/1351/346 371/1352/346 349/1353/346 385/1354/346
usemtl m_e463f441-a9b0-5143-c4bb-59b7b1cfe7db
f 371/1355/347 372/1356/347 350/1357/347 349/1358/347
usemtl none
f 372/1359/348 373/1360/348 351/1361/348 350/1362/348
usemtl m_e463f441-a9b0-5143-c4bb-59b7b1cfe7db
f 373/1363/349 374/1364/349 352/1365/349 351/1366/349
f 374/1367/350 375/1368/350 353/1369/350 352/1370/350
f 375/1371/351 376/1372/351 354/1373/351 353/1374/351
f 376/1375/352 377/1376/352 355/1377/352 354/1378/352
f 377/1379/353 424/1380/353 356/1381/353 355/1382/353
f 409/1383/354 386/1384/354 388/1385/354 408/1386/354
f 386/1387/355 394/1388/355 393/1389/355 388/1390/355
f 397/1391/356 398/1392/356 393/1393/356 394/1394/356
f 572/1395/357 571/1396/357 358/1397/357 357/1398/357
f 563/1399/358 564/1400/358 392/1401/358 399/1402/358
f 564/1403/359 565/1404/359 389/1405/359 392/1406/359
f 565/1407/360 566/1408/360 406/1409/360 389/1410/360
f 582/1411/361 581/1412/361 360/1413/361 359/1414/361
f 581/1415/362 580/1416/362 361/1417/362 360/1418/362
f 580/1419/363 579/1420/363 362/1421/363 361/1422/363
f 579/1423/364 578/1424/364 363/1425/364 362/1426/364
f 578/1427/365 577/1428/365 364/1429/365 363/1430/365
usemtl none
f 577/1431/366 576/1432/366 365/1433/366 364/1434/366
usemtl m_e463f441-a9b0-5143-c4bb-59b7b1cfe7db
f 576/1435/367 575/1436/367 366/1437/367 365/1438/367
usemtl none
f 575/1439/368 574/1440/368 367/1441/368 366/1442/368
f 574/1443/369 573/1444/369 382/1445/369 367/1446/369
usemtl m_e463f441-a9b0-5143-c4bb-59b7b1cfe7db
f 369/1447/370 368/1448/370 343/1449/370 346/1450/370
usemtl none
f 384/1451/371 378/1452/371 342/1453/371 370/1454/371
f 371/1455/372 370/1456/372 342/1457/372 319/1458/372
usemtl m_e463f441-a9b0-5143-c4bb-59b7b1cfe7db
f 372/1459/373 371/1460/373 319/1461/373 318/1462/373
usemtl none
f 373/1463/374 372/1464/374 318/1465/374 320/1466/374
usemtl m_e463f441-a9b0-5143-c4bb-59b7b1cfe7db
f 374/1467/375 373/1468/375 320/1469/375 321/1470/375
f 375/1471/376 374/1472/376 321/1473/376 329/1474/376
f 376/1475/377 375/1476/377 329/1477/377 333/1478/377
f 377/1479/378 376/1480/378 333/1481/378 331/1482/378
f 424/1483/379 377/1484/379 331/1485/379 337/1486/379
f 386/1487/380 409/1488/380 410/1489/380 387/1490/380
f 394/1491/381 386/1492/381 387/1493/381 395/1494/381
f 396/1495/382 397/1496/382 394/1497/382 395/1498/382
f 379/1499/383 378/1500/383 346/1501/383 343/1502/383
f 397/1503/384 396/1504/384 405/1505/384 404/1506/384
f 398/1507/385 397/1508/385 404/1509/385 403/1510/385
f 399/1511/386 398/1512/386 403/1513/386 401/1514/386
f 569/1515/387 563/1516/387 399/1517/387 401/1518/387
f 381/1519/388 380/1520/388 344/1521/388 345/1522/388
usemtl none
f 573/1523/389 572/1524/389 357/1525/389 382/1526/389
f 383/1527/390 382/1528/390 357/1529/390 348/1530/390
f 384/1531/391 383/1532/391 348/1533/391 369/1534/391
f 378/1535/392 384/1536/392 369/1537/392 346/1538/392
usemtl m_e463f441-a9b0-5143-c4bb-59b7b1cfe7db
f 431/1539/393 432/1540/393 419/1541/393 336/1542/393
f 437/1543/394 436/1544/394 335/1545/394 334/1546/394
f 436/1547/395 435/1548/395 340/1549/395 335/1550/395
f 430/1551/396 431/1552/396 336/1553/396 339/1554/396
f 429/1555/397 430/1556/397 339/1557/397 379/1558/397
f 435/1559/398 434/1560/398 380/1561/398 340/1562/398
f 434/1563/399 433/1564/399 344/1565/399 380/1566/399
f 571/1567/400 570/1568/400 425/1569/400 358/1570/400
f 425/1571/401 426/1572/401 347/1573/401 358/1574/401
f 426/1575/402 427/1576/402 368/1577/402 347/1578/402
f 428/1579/403 429/1580/403 379/1581/403 343/1582/403
f 427/1583/404 428/1584/404 343/1585/404 368/1586/404
f 568/1587/405 602/1588/405 417/1589/405
f 412/1590/406 408/1591/406 406/1592/406 411/1593/406
f 416/1594/407 415/1595/407 417/1596/407 602/1597/407
f 423/1598/408 409/1599/408 408/1600/408 412/1601/408
f 422/1602/409 421/1603/409 415/1604/409 416/1605/409
f 410/1606/410 409/1607/410 423/1608/410
f 412/1609/411 415/1610/411 421/1611/411 423/1612/411
f 424/1613/412 422/1614/412 416/1615/412 356/1616/412
f 411/1617/413 417/1618/413 415/1619/413 412/1620/413
f 356/1621/414 416/1622/414 602/1623/414 359/1624/414
f 583/1625/415 582/1626/415 359/1627/415 602/1628/415
f 326/1629/416 334/1630/416 335/1631/416 323/1632/416
f 330/1633/417 338/1634/417 334/1635/417 326/1636/417
f 421/1637/418 422/1638/418 423/1639/418
usemtl none
f 414/1640/419 422/1641/419 421/1642/419 413/1643/419
f 413/1644/420 421/1645/420 423/1646/420 410/1647/420
f 337/1648/421 424/1649/421 422/1650/421 414/1651/421
usemtl m_e463f441-a9b0-5143-c4bb-59b7b1cfe7db
f 432/1652/422 420/1653/422 419/1654/422
f 337/1655/423 419/1656/423 420/1657/423
f 423/1658/424 422/1659/424 420/1660/424 410/1661/424
f 422/1662/425 424/1663/425 337/1664/425 420/1665/425
f 338/1666/426 437/1667/426 334/1668/426
f 566/1669/427 567/1670/427 411/1671/427 406/1672/427
f 567/1673/428 568/1674/428 417/1675/428 411/1676/428
usemtl none
f 526/1677/429 525/1678/429 476/1679/429 477/1680/429
usemtl m_e463f441-a9b0-5143-c4bb-59b7b1cfe7db
f 428/1681/430 427/1682/430 404/1683/430 405/1684/430
f 429/1685/431 428/1686/431 405/1687/431 396/1688/431
f 430/1689/432 429/1690/432 396/1691/432 395/1692/432
f 431/1693/433 430/1694/433 395/1695/433 387/1696/433
f 432/1697/434 431/1698/434 387/1699/434 410/1700/434
f 432/1701/435 410/1702/435 420/1703/435
f 570/1704/436 569/1705/436 401/1706/436 425/1707/436
f 433/1708/437 434/1709/437 400/1710/437 402/1711/437
f 434/1712/438 435/1713/438 391/1714/438 400/1715/438
f 435/1716/439 436/1717/439 390/1718/439 391/1719/439
f 436/1720/440 437/1721/440 407/1722/440 390/1723/440
f 407/1724/441 437/1725/441 338/1726/441
f 427/1727/442 438/1728/442 441/1729/442 404/1730/442
f 401/1731/443 439/1732/443 440/1733/443 425/1734/443
f 404/1735/444 441/1736/444 403/1737/444
f 560/1738/445 403/1739/445 441/1740/445
f 401/1741/446 403/1742/446 439/1743/446
f 427/1744/447 426/1745/447 438/1746/447
usemtl none
f 539/1747/448 426/1748/448 440/1749/448
usemtl m_e463f441-a9b0-5143-c4bb-59b7b1cfe7db
f 425/1750/449 440/1751/449 426/1752/449
f 439/1753/450 442/1754/450 443/1755/450 440/1756/450
f 523/1757/451 524/1758/451 484/1759/451 483/1760/451
f 438/1761/452 444/1762/452 445/1763/452 441/1764/452
f 532/1765/453 531/1766/453 480/1767/453 481/1768/453
f 442/1769/454 446/1770/454 447/1771/454 443/1772/454
f 522/1773/455 523/1774/455 483/1775/455 482/1776/455
f 444/1777/456 448/1778/456 449/1779/456 445/1780/456
f 531/1781/457 530/1782/457 479/1783/457 480/1784/457
f 493/1785/458 494/1786/458 470/1787/458 471/1788/458
f 519/1789/459 520/1790/459 562/1791/459 485/1792/459
f 488/1793/460 489/1794/460 474/1795/460 475/1796/460
f 528/1797/461 527/1798/461 492/1799/461 478/1800/461
f 505/1801/462 506/1802/462 533/1803/462 486/1804/462
f 508/1805/463 509/1806/463 456/1807/463 455/1808/463
f 509/1809/464 510/1810/464 457/1811/464 456/1812/464
f 510/1813/465 426/1814/465 457/1815/465
usemtl none
f 512/1816/466 511/1817/466 454/1818/466 458/1819/466
usemtl m_e463f441-a9b0-5143-c4bb-59b7b1cfe7db
f 514/1820/467 513/1821/467 491/1822/467 472/1823/467
f 517/1824/468 516/1825/468 459/1826/468 460/1827/468
f 518/1828/469 517/1829/469 460/1830/469 461/1831/469
f 532/1832/470 403/1833/470 461/1834/470
f 317/1835/471 548/1836/471 561/1837/471 487/1838/471
f 550/1839/472 551/1840/472 464/1841/472 463/1842/472
f 551/1843/473 552/1844/473 465/1845/473 464/1846/473
f 552/1847/474 426/1848/474 465/1849/474
usemtl none
f 554/1850/475 553/1851/475 462/1852/475 466/1853/475
usemtl m_e463f441-a9b0-5143-c4bb-59b7b1cfe7db
f 556/1854/476 555/1855/476 490/1856/476 473/1857/476
f 559/1858/477 558/1859/477 467/1860/477 468/1861/477
f 560/1862/478 559/1863/478 468/1864/478 469/1865/478
f 518/1866/479 403/1867/479 469/1868/479
f 521/1869/480 522/1870/480 482/1871/480 495/1872/480
f 503/1873/481 504/1874/481 447/1875/481 446/1876/481
f 530/1877/482 529/1878/482 502/1879/482 479/1880/482
f 516/1881/483 515/1882/483 501/1883/483 459/1884/483
f 558/1885/484 557/1886/484 500/1887/484 467/1888/484
f 498/1889/485 499/1890/485 449/1891/485 448/1892/485
f 549/1893/486 550/1894/486 463/1895/486 497/1896/486
f 507/1897/487 508/1898/487 455/1899/487 496/1900/487
f 534/1901/488 535/1902/488 470/1903/488 494/1904/488
usemtl none
f 541/1905/489 540/1906/489 451/1907/489 450/1908/489
usemtl m_e463f441-a9b0-5143-c4bb-59b7b1cfe7db
f 543/1909/490 542/1910/490 493/1911/490 471/1912/490
f 545/1913/491 544/1914/491 503/1915/491 446/1916/491
f 546/1917/492 545/1918/492 446/1919/492 442/1920/492
f 547/1921/493 546/1922/493 442/1923/493 439/1924/493
f 547/1925/494 403/1926/494 481/1927/494
f 536/1928/495 537/1929/495 447/1930/495 504/1931/495
f 537/1932/496 538/1933/496 443/1934/496 447/1935/496
f 538/1936/497 539/1937/497 440/1938/497 443/1939/497
f 524/1940/498 426/1941/498 484/1942/498
f 525/1943/499 519/1944/499 485/1945/499 476/1946/499
f 511/1947/500 505/1948/500 486/1949/500 454/1950/500
usemtl none
f 553/1951/501 317/1952/501 487/1953/501 462/1954/501
usemtl m_e463f441-a9b0-5143-c4bb-59b7b1cfe7db
f 489/1955/502 488/1956/502 452/1957/502 453/1958/502
f 555/1959/503 554/1960/503 466/1961/503 490/1962/503
usemtl none
f 513/1963/504 512/1964/504 458/1965/504 491/1966/504
f 527/1967/505 526/1968/505 477/1969/505 492/1970/505
usemtl m_e463f441-a9b0-5143-c4bb-59b7b1cfe7db
f 542/1971/506 541/1972/506 450/1973/506 493/1974/506
f 494/1975/507 493/1976/507 450/1977/507 451/1978/507
f 540/1979/508 534/1980/508 494/1981/508 451/1982/508
f 520/1983/509 521/1984/509 495/1985/509 562/1986/509
f 506/1987/510 507/1988/510 496/1989/510 533/1990/510
f 548/1991/511 549/1992/511 497/1993/511 561/1994/511
f 499/1995/512 498/1996/512 475/1997/512 474/1998/512
f 557/1999/513 556/2000/513 473/2001/513 500/2002/513
f 515/2003/514 514/2004/514 472/2005/514 501/2006/514
f 529/2007/515 528/2008/515 478/2009/515 502/2010/515
f 544/2011/516 543/2012/516 471/2013/516 503/2014/516
f 504/2015/517 503/2016/517 471/2017/517 470/2018/517
f 535/2019/518 536/2020/518 504/2021/518 470/2022/518
f 506/2023/519 505/2024/519 487/2025/519 561/2026/519
f 507/2027/520 506/2028/520 561/2029/520 497/2030/520
f 508/2031/521 507/2032/521 497/2033/521 463/2034/521
f 509/2035/522 508/2036/522 463/2037/522 464/2038/522
f 510/2039/523 509/2040/523 464/2041/523 465/2042/523
f 510/2043/524 465/2044/524 426/2045/524
f 505/2046/525 511/2047/525 462/2048/525 487/2049/525
usemtl none
f 511/2050/526 512/2051/526 466/2052/526 462/2053/526
f 512/2054/527 513/2055/527 490/2056/527 466/2057/527
usemtl m_e463f441-a9b0-5143-c4bb-59b7b1cfe7db
f 513/2058/528 514/2059/528 473/2060/528 490/2061/528
f 514/2062/529 515/2063/529 500/2064/529 473/2065/529
f 515/2066/530 516/2067/530 467/2068/530 500/2069/530
f 516/2070/531 517/2071/531 468/2072/531 467/2073/531
f 517/2074/532 518/2075/532 469/2076/532 468/2077/532
f 518/2078/533 461/2079/533 403/2080/533
f 520/2081/534 519/2082/534 486/2083/534 533/2084/534
f 521/2085/535 520/2086/535 533/2087/535 496/2088/535
f 522/2089/536 521/2090/536 496/2091/536 455/2092/536
f 523/2093/537 522/2094/537 455/2095/537 456/2096/537
f 524/2097/538 523/2098/538 456/2099/538 457/2100/538
f 524/2101/539 457/2102/539 426/2103/539
f 519/2104/540 525/2105/540 454/2106/540 486/2107/540
usemtl none
f 525/2108/541 526/2109/541 458/2110/541 454/2111/541
f 526/2112/542 527/2113/542 491/2114/542 458/2115/542
usemtl m_e463f441-a9b0-5143-c4bb-59b7b1cfe7db
f 527/2116/543 528/2117/543 472/2118/543 491/2119/543
f 528/2120/544 529/2121/544 501/2122/544 472/2123/544
f 529/2124/545 530/2125/545 459/2126/545 501/2127/545
f 530/2128/546 531/2129/546 460/2130/546 459/2131/546
f 531/2132/547 532/2133/547 461/2134/547 460/2135/547
f 532/2136/548 481/2137/548 403/2138/548
f 535/2139/549 534/2140/549 485/2141/549 562/2142/549
f 536/2143/550 535/2144/550 562/2145/550 495/2146/550
f 537/2147/551 536/2148/551 495/2149/551 482/2150/551
f 538/2151/552 537/2152/552 482/2153/552 483/2154/552
f 539/2155/553 538/2156/553 483/2157/553 484/2158/553
f 539/2159/554 484/2160/554 426/2161/554
usemtl none
f 534/2162/555 540/2163/555 476/2164/555 485/2165/555
f 540/2166/556 541/2167/556 477/2168/556 476/2169/556
usemtl m_e463f441-a9b0-5143-c4bb-59b7b1cfe7db
f 541/2170/557 542/2171/557 492/2172/557 477/2173/557
f 542/2174/558 543/2175/558 478/2176/558 492/2177/558
f 543/2178/559 544/2179/559 502/2180/559 478/2181/559
f 544/2182/560 545/2183/560 479/2184/560 502/2185/560
f 545/2186/561 546/2187/561 480/2188/561 479/2189/561
f 546/2190/562 547/2191/562 481/2192/562 480/2193/562
f 547/2194/563 439/2195/563 403/2196/563
f 548/2197/564 317/2198/564 488/2199/564 475/2200/564
f 549/2201/565 548/2202/565 475/2203/565 498/2204/565
f 550/2205/566 549/2206/566 498/2207/566 448/2208/566
f 551/2209/567 550/2210/567 448/2211/567 444/2212/567
f 552/2213/568 551/2214/568 444/2215/568 438/2216/568
f 552/2217/569 438/2218/569 426/2219/569
usemtl none
f 317/2220/570 553/2221/570 452/2222/570 488/2223/570
f 553/2224/571 554/2225/571 453/2226/571 452/2227/571
usemtl m_e463f441-a9b0-5143-c4bb-59b7b1cfe7db
f 554/2228/572 555/2229/572 489/2230/572 453/2231/572
f 555/2232/573 556/2233/573 474/2234/573 489/2235/573
f 556/2236/574 557/2237/574 499/2238/574 474/2239/574
f 557/2240/575 558/2241/575 449/2242/575 499/2243/575
f 558/2244/576 559/2245/576 445/2246/576 449/2247/576
f 559/2248/577 560/2249/577 441/2250/577 445/2251/577
f 560/2252/578 469/2253/578 403/2254/578
f 564/2255/579 563/2256/579 400/2257/579 391/2258/579
f 565/2259/580 564/2260/580 391/2261/580 390/2262/580
f 566/2263/581 565/2264/581 390/2265/581 407/2266/581
f 567/2267/582 566/2268/582 407/2269/582 338/2270/582
f 568/2271/583 567/2272/583 338/2273/583 418/2274/583
f 563/2275/584 569/2276/584 402/2277/584 400/2278/584
f 569/2279/585 570/2280/585 433/2281/585 402/2282/585
f 570/2283/586 571/2284/586 344/2285/586 433/2286/586
f 571/2287/587 572/2288/587 345/2289/587 344/2290/587
usemtl none
f 572/2291/588 573/2292/588 381/2293/588 345/2294/588
f 573/2295/589 574/2296/589 341/2297/589 381/2298/589
f 574/2299/590 575/2300/590 323/2301/590 341/2302/590
usemtl m_e463f441-a9b0-5143-c4bb-59b7b1cfe7db
f 575/2303/591 576/2304/591 322/2305/591 323/2306/591
usemtl none
f 576/2307/592 577/2308/592 324/2309/592 322/2310/592
usemtl m_e463f441-a9b0-5143-c4bb-59b7b1cfe7db
f 577/2311/593 578/2312/593 325/2313/593 324/2314/593
f 578/2315/594 579/2316/594 328/2317/594 325/2318/594
f 579/2319/595 580/2320/595 332/2321/595 328/2322/595
f 580/2323/596 581/2324/596 330/2325/596 332/2326/596
f 581/2327/597 582/2328/597 338/2329/597 330/2330/597
f 418/2331/598 583/2332/598 568/2333/598
f 582/2334/599 583/2335/599 418/2336/599 338/2337/599
f 603/2338/600 612/2339/600 611/2340/600 604/2341/600
f 606/2342/601 617/2343/601 616/2344/601 607/2345/601
f 588/2346/602 596/2347/602 601/2348/602 595/2349/602
f 594/2350/603 598/2351/603 597/2352/603 590/2353/603
f 605/2354/604 618/2355/604 617/2356/604 606/2357/604
f 608/2358/605 615/2359/605 614/2360/605 609/2361/605
f 610/2362/606 613/2363/606 612/2364/606 603/2365/606
f 591/2366/607 599/2367/607 598/2368/607 594/2369/607
f 607/2370/608 616/2371/608 615/2372/608 608/2373/608
f 595/2374/609 601/2375/609 600/2376/609 589/2377/609
f 604/2378/610 611/2379/610 618/2380/610 605/2381/610
f 586/2382/611 597/2383/611 598/2384/611 593/2385/611
f 593/2386/612 598/2387/612 599/2388/612 587/2389/612
f 609/2390/613 614/2391/613 613/2392/613 610/2393/613
f 585/2394/614 600/2395/614 601/2396/614 592/2397/614
f 592/2398/615 601/2399/615 596/2400/615 584/2401/615
f 568/2402/616 583/2403/616 602/2404/616
f 593/2405/617 603/2406/617 604/2407/617 586/2408/617
f 586/2409/618 604/2410/618 605/2411/618 597/2412/618
f 597/2413/619 605/2414/619 606/2415/619 590/2416/619
f 590/2417/620 606/2418/620 607/2419/620 594/2420/620
f 594/2421/621 607/2422/621 608/2423/621 591/2424/621
f 591/2425/622 608/2426/622 609/2427/622 599/2428/622
f 599/2429/623 609/2430/623 610/2431/623 587/2432/623
f 587/2433/624 610/2434/624 603/2435/624 593/2436/624
f 584/2437/625 611/2438/625 612/2439/625 592/2440/625
f 592/2441/626 612/2442/626 613/2443/626 585/2444/626
f 585/2445/627 613/2446/627 614/2447/627 600/2448/627
f 600/2449/628 614/2450/628 615/2451/628 589/2452/628
f 589/2453/629 615/2454/629 616/2455/629 595/2456/629
f 595/2457/630 616/2458/630 617/2459/630 588/2460/630
f 588/2461/631 617/2462/631 618/2463/631 596/2464/631
f 596/2465/632 618/2466/632 611/2467/632 584/2468/632