# Made in Blockbench 5.0.4
mtllib gateopen.mtl

o cube
v 0.20946312499999997 1.1921825 0.47193375
v 0.23125 1.1984375 0.5296875
v 0.23125 1.1984375 0.4671875
v 0.23125 0.2453125 0.5296875
v 0.23125 0.2453125 0.4671875
v 0.16875 1.1984375 0.5296875
v 0.16875 1.1984375 0.4671875
v 0.16875 0.2453125 0.5296875
v 0.16875 0.2453125 0.4671875
v 0.08281250000000001 1.1984375 0.5296875
v 0.08281250000000001 1.1984375 0.4671875
v 0.08281250000000001 0.2453125 0.5296875
v 0.08281250000000001 0.2453125 0.4671875
v 0.02031250000000001 1.1984375 0.5296875
v 0.02031250000000001 1.1984375 0.4671875
v 0.02031250000000001 0.2453125 0.5296875
v 0.02031250000000001 0.2453125 0.4671875
v 0.25 0.25 0.5625
v 0.25 0.25 -0.09375
v 0.25 0 0.5625
v 0.25 0 -0.09375
v 0 0.25 0.5625
v 0 0.25 -0.09375
v 0 0 0.5625
v 0 0 -0.09375
v 0 0.25 -0.71875
v 0.25 0.25 -0.71875
v 0 0 -0.71875
v 0.25 0 -0.71875
v 0 0.25 -0.953125
v 0.25 0.25 -0.953125
v 0 0.18125 -0.953125
v 0.25 0.18125 -0.953125
v 0 1.125 -0.71875
v 0 1.125 -0.09375
v 0.25 1.125 -0.09375
v 0.25 1.125 -0.8921874999999999
v 0 1.125 -0.8921874999999999
v 0.25 1.125 -0.07656249999999998
v 0 1.125 -0.07656249999999998
v 0 0.25 -0.07656249999999998
v 0.25 0.25 -0.07656249999999998
v 0.22031250000000002 1.125 0
v 0.029687499999999978 1.125 0
v 0.029687499999999978 0.25 0
v 0.22031250000000002 0.25 0
v 0.125 1.125 0.06406250000000002
v 0.125 0.25 0.06406250000000002
v 0.125 0.25 -0.09375
v 0.125 0.25 0.5625
v 0.125 0 0.5625
v 0.125 0 -0.09375
v 0.125 0 -0.71875
v 0.125 0.18125 -0.953125
v 0.125 0.25 -0.953125
v 0.125 1.125 -0.8921874999999999
v 0.07734374999999999 0.25 0.04765625000000001
v 0.07734374999999999 1.125 0.04765625000000001
v 0.0625 1.125 -0.8921874999999999
v 0.0625 0.25 -0.953125
v 0.0625 0.18125 -0.953125
v 0.0625 0 -0.71875
v 0.0625 0 -0.09375
v 0.0625 0 0.5625
v 0.0625 0.25 0.5625
v 0.0625 0.25 -0.09375
v 0.0625 0.25 -0.007031250000000044
v 0.17265625 1.125 0.04765625000000001
v 0.17265625 0.25 0.04765625000000001
v 0.1875 0.25 -0.007031250000000044
v 0.1875 0.25 -0.09375
v 0.1875 0.25 0.5625
v 0.1875 0 0.5625
v 0.1875 0 -0.09375
v 0.1875 0 -0.71875
v 0.1875 0.18125 -0.953125
v 0.1875 0.25 -0.953125
v 0.23828125 0.25 -0.038281250000000044
v 0.23828125 1.125 -0.038281250000000044
v 0.01171875 1.125 -0.038281250000000044
v 0.01171875 0.25 -0.038281250000000044
v 0.06992187500000002 0.25 0.02031250000000001
v 0.125 0.25 0.06328125000000001
v 0.18007812499999998 0.25 0.02031250000000001
v 0.125 0.25 0.0625
v 0.1875 1.3125 -0.09375
v 0.25 1.3125 -0.09375
v 0.125 1.3125 -0.09375
v 0.0625 1.3125 -0.09375
v 0 1.3125 -0.09375
v 0 1.3125 -0.07656249999999998
v 0.0625 1.3125 -0.007031250000000044
v 0.125 1.3125 0.0625
v 0.1875 1.3125 -0.007031250000000044
v 0.25 1.3125 -0.07656249999999998
v 0.23828125 1.3125 -0.038281250000000044
v 0.18007812499999998 1.3125 0.02031250000000001
v 0.125 1.3125 0.06328125000000001
v 0.06992187500000002 1.3125 0.02031250000000001
v 0.01171875 1.3125 -0.038281250000000044
v 0.07734374999999999 1.3125 0.04765625000000001
v 0.029687499999999978 1.3125 0
v 0.125 1.3125 0.06406250000000002
v 0.17265625 1.3125 0.04765625000000001
v 0.22031250000000002 1.3125 0
v 0.0625 1.3125 -0.7203124999999999
v 0 1.3125 -0.7203124999999999
v 0.125 1.3125 -0.7203124999999999
v 0.1875 1.3125 -0.7203124999999999
v 0.25 1.3125 -0.7203124999999999
v 0.0625 1.228385 -0.7974181250000001
v 0.125 1.269041875 -0.7601493749999999
v 0.234375 1.24925125 -0.7029000000000001
v 0.234375 1.15550125 -0.7888375000000001
v 0.125 1.21896875 -0.7306587499999999
v 0.125 1.175073125 -0.7966781249999999
v 0.0625 1.18847625 -0.758610625
v 0.0625 1.16490875 -0.805995
v 0.020833125000000008 1.156293125 -0.8138924999999999
v 0.25 1.125 -0.71875
v 0.25 1.193705 -0.7966562500000001
v 0.210246875 1.255045625 -0.7313799999999999
v 0.22255124999999998 1.19129 -0.800140625
v 0.225871875 1.308919375 -0.7300424999999999
v 0.21990437499999999 1.129670625 -0.8907031249999999
v 0.07734374999999999 1.21875 0.04765625000000001
v 0.125 1.21875 0.06406250000000002
v 0.17265625 1.21875 0.04765625000000001
v 0.22031250000000002 1.21875 0
v 0.23828125 1.21875 -0.038281250000000044
v 0.25 1.21875 -0.07656249999999998
v 0.25 1.21875 -0.09375
v 0.25 1.21875 -0.71953125
v 0.029687499999999978 1.21875 0
v 0.01171875 1.21875 -0.038281250000000044
v 0 1.21875 -0.07656249999999998
v 0 1.21875 -0.09375
v 0 1.21875 -0.71953125
v 0.155465625 1.225 0.0703125
v 0.09293687499999997 1.2875 0.07081500000000002
v 0.09293687499999997 1.225 0.07081500000000002
v 0.15706312500000003 1.2875 0.07081500000000002
v 0.09343875000000001 1.2875 0.372375625
v 0.09343875000000001 1.225 0.372375625
v 0.155968125 1.225 0.371873125
v 0.157565625 1.2875 0.372375625
v 0.014253124999999978 1.31875 0.373935625
v 0.008003125 1.1921875 0.373935625
v 0.23812624999999998 1.1921875 0.37343375
v 0.237755 1.31875 0.373935625
v 0.014390000000000014 1.318743125 0.505185625
v 0.00813999999999998 1.192180625 0.505185625
v 0.2382625 1.192180625 0.504683125
v 0.23789125 1.318743125 0.505185625
v 0.12320124999999998 1.192180625 0.504934375
v 0.12306499999999998 1.1921875 0.373684375
v 0.12470312500000003 1.225 0.372124375
v 0.12420124999999999 1.225 0.07056374999999998
v 0.126140625 1.318743125 0.505185625
v 0.126004375 1.31875 0.373935625
v 0.12550187499999998 1.2875 0.372375625
v 0.125 1.2875 0.07081500000000002
v 0.180731875 1.192180625 0.50480875
v 0.18059562499999998 1.1921875 0.37355875
v 0.14033562500000002 1.225 0.37199875
v 0.13983374999999998 1.225 0.07043812500000002
v 0.18201625 1.318743125 0.505185625
v 0.181879375 1.31875 0.373935625
v 0.14153375 1.2875 0.372375625
v 0.14103187499999997 1.2875 0.07081500000000002
v 0.008071875000000006 1.192184375 0.439560625
v 0.014321874999999984 1.318746875 0.439560625
v 0.12607249999999998 1.318746875 0.439560625
v 0.18194812500000002 1.318746875 0.439560625
v 0.23782312500000002 1.318746875 0.439560625
v 0.238194375 1.192184375 0.439058125
v 0.06567062499999998 1.192180625 0.50506
v 0.07026500000000002 1.318743125 0.505185625
v 0.07019687499999999 1.318746875 0.439560625
v 0.07012875000000002 1.31875 0.373935625
v 0.10947062499999999 1.2875 0.372375625
v 0.10896812500000003 1.2875 0.07081500000000002
v 0.06553437499999998 1.1921875 0.37381
v 0.10907125000000001 1.225 0.37224999999999997
v 0.10856874999999999 1.225 0.070689375
v 0.06563625000000001 1.1921825 0.4722475
v 0.12316687500000001 1.1921825 0.472121875
v 0.180698125 1.1921825 0.47199625
v 0.23822875 1.1921825 0.471870625
v 0.2378575 1.318745 0.472373125
v 0.18198187500000002 1.318745 0.472373125
v 0.12610624999999998 1.318745 0.472373125
v 0.07023125000000002 1.318745 0.472373125
v 0.014355624999999983 1.318745 0.472373125
v 0.008105625000000005 1.1921825 0.472373125
v 0.06556812499999998 1.192185625 0.4066225
v 0.12309874999999998 1.192185625 0.406496875
v 0.18062937499999998 1.192185625 0.40637125
v 0.23816062500000001 1.192185625 0.406245625
v 0.23778937500000003 1.318748125 0.406748125
v 0.18191374999999999 1.318748125 0.406748125
v 0.126038125 1.318748125 0.406748125
v 0.07016312499999999 1.318748125 0.406748125
v 0.014287500000000009 1.318748125 0.406748125
v 0.008037499999999975 1.192185625 0.406748125
v 0.15193250000000003 1.1921825 0.472059375
v 0.151898125 1.192184375 0.439246875
v 0.151864375 1.192185625 0.406434375
v 0.15183000000000002 1.1921875 0.373621875
v 0.132519375 1.225 0.37206125
v 0.1320175 1.225 0.07050062499999998
v 0.151966875 1.192180625 0.504871875
v 0.154078125 1.318743125 0.505185625
v 0.154044375 1.318745 0.472373125
v 0.15400999999999998 1.318746875 0.439560625
v 0.15397624999999998 1.318748125 0.406748125
v 0.153941875 1.31875 0.373935625
v 0.133518125 1.2875 0.372375625
v 0.13301562500000003 1.2875 0.07081500000000002
v 0.09440187500000002 1.1921825 0.472185
v 0.09436749999999999 1.192184375 0.4393725
v 0.09433375 1.192185625 0.40656000000000003
v 0.09429937500000002 1.1921875 0.3737475
v 0.11688749999999998 1.225 0.37218687500000003
v 0.11638500000000002 1.225 0.07062625
v 0.09443562500000002 1.192180625 0.5049975
v 0.098203125 1.318743125 0.505185625
v 0.09816875000000003 1.318745 0.472373125
v 0.09813499999999997 1.318746875 0.439560625
v 0.098100625 1.318748125 0.406748125
v 0.09806625000000002 1.31875 0.373935625
v 0.11748625000000001 1.2875 0.372375625
v 0.11698437499999997 1.2875 0.07081500000000002
v 0.12313312500000001 1.192184375 0.439309375
v 0.03687125000000002 1.1921825 0.472310625
v 0.03683687499999999 1.192184375 0.439498125
v 0.03680312499999999 1.192185625 0.406685625
v 0.03676875000000002 1.1921875 0.37387312500000003
v 0.10125499999999998 1.225 0.3723125
v 0.100753125 1.225 0.07075187500000002
v 0.03690500000000002 1.192180625 0.505123125
v 0.04232750000000002 1.318743125 0.505185625
v 0.04229312499999999 1.318745 0.472373125
v 0.04225937499999999 1.318746875 0.439560625
v 0.04222500000000001 1.318748125 0.406748125
v 0.04219125000000001 1.31875 0.373935625
v 0.10145437499999999 1.2875 0.372375625
v 0.1009525 1.2875 0.07081500000000002
v 0.20942937499999997 1.192184375 0.43912125
v 0.209395 1.192185625 0.40630875
v 0.20936062500000002 1.1921875 0.37349625
v 0.148151875 1.225 0.371935625
v 0.14765 1.225 0.07037500000000002
v 0.2094975 1.192180625 0.50474625
v 0.20995375 1.318743125 0.505185625
v 0.20991937500000002 1.318745 0.472373125
v 0.20988562500000002 1.318746875 0.439560625
v 0.20985125 1.318748125 0.406748125
v 0.2098175 1.31875 0.373935625
v 0.14954937499999998 1.2875 0.372375625
v 0.1490475 1.2875 0.07081500000000002
v 0.18066375 1.192184375 0.43918375
v 0.06560250000000001 1.192184375 0.439435
v 0.040820625 1.3125 -0.008984375000000044
v 0.03125 1.3125 -0.041796874999999956
v 0.03125 1.3125 -0.09375
v 0.03125 1.3125 -0.7203124999999999
v 0.03125 1.1766925 -0.8448031250000001
v 0.04166687499999999 1.172384375 -0.7862512500000001
v 0.05351562500000001 1.3125 0.023828124999999978
v 0.05351562500000001 1.21875 0.023828124999999978
v 0.05351562500000001 1.125 0.023828124999999978
v 0.05351562500000001 0.25 0.023828124999999978
v 0.040820625 0.25 -0.008984375000000044
v 0.03125 0.25 -0.041796874999999956
v 0.03125 0.25 -0.09375
v 0.03125 0.25 0.5625
v 0.03125 0 0.5625
v 0.03125 0 -0.09375
v 0.03125 0 -0.71875
v 0.03125 0.18125 -0.953125
v 0.03125 0.25 -0.953125
v 0.03125 1.125 -0.8921874999999999
v 0.04166687499999999 1.16060125 -0.80994375
v 0.20946312499999997 1.1921825 0.59056625
v 0.25 0.25 0.5
v 0.25 0.25 1.15625
v 0.25 0 0.5
v 0.25 0 1.15625
v 0 0.25 0.5
v 0 0.25 1.15625
v 0 0 0.5
v 0 0 1.15625
v 0 0.25 1.78125
v 0.25 0.25 1.78125
v 0 0 1.78125
v 0.25 0 1.78125
v 0 0.25 2.015625
v 0.25 0.25 2.015625
v 0 0.18125 2.015625
v 0.25 0.18125 2.015625
v 0 1.125 1.78125
v 0 1.125 1.15625
v 0.25 1.125 1.15625
v 0.25 1.125 1.9546875
v 0 1.125 1.9546875
v 0.25 1.125 1.1390625
v 0 1.125 1.1390625
v 0 0.25 1.1390625
v 0.25 0.25 1.1390625
v 0.22031250000000002 1.125 1.0625
v 0.029687499999999978 1.125 1.0625
v 0.029687499999999978 0.25 1.0625
v 0.22031250000000002 0.25 1.0625
v 0.125 1.125 0.9984375
v 0.125 0.25 0.9984375
v 0.125 0.25 1.15625
v 0.125 0.25 0.5
v 0.125 0 0.5
v 0.125 0 1.15625
v 0.125 0 1.78125
v 0.125 0.18125 2.015625
v 0.125 0.25 2.015625
v 0.125 1.125 1.9546875
v 0.07734374999999999 0.25 1.01484375
v 0.07734374999999999 1.125 1.01484375
v 0.0625 1.125 1.9546875
v 0.0625 0.25 2.015625
v 0.0625 0.18125 2.015625
v 0.0625 0 1.78125
v 0.0625 0 1.15625
v 0.0625 0 0.5
v 0.0625 0.25 0.5
v 0.0625 0.25 1.15625
v 0.0625 0.25 1.06953125
v 0.17265625 1.125 1.01484375
v 0.17265625 0.25 1.01484375
v 0.1875 0.25 1.06953125
v 0.1875 0.25 1.15625
v 0.1875 0.25 0.5
v 0.1875 0 0.5
v 0.1875 0 1.15625
v 0.1875 0 1.78125
v 0.1875 0.18125 2.015625
v 0.1875 0.25 2.015625
v 0.23828125 0.25 1.10078125
v 0.23828125 1.125 1.10078125
v 0.01171875 1.125 1.10078125
v 0.01171875 0.25 1.10078125
v 0.06992187500000002 0.25 1.0421875
v 0.125 0.25 0.99921875
v 0.18007812499999998 0.25 1.0421875
v 0.125 0.25 1
v 0.1875 1.3125 1.15625
v 0.25 1.3125 1.15625
v 0.125 1.3125 1.15625
v 0.0625 1.3125 1.15625
v 0 1.3125 1.15625
v 0 1.3125 1.1390625
v 0.0625 1.3125 1.06953125
v 0.125 1.3125 1
v 0.1875 1.3125 1.06953125
v 0.25 1.3125 1.1390625
v 0.23828125 1.3125 1.10078125
v 0.18007812499999998 1.3125 1.0421875
v 0.125 1.3125 0.99921875
v 0.06992187500000002 1.3125 1.0421875
v 0.01171875 1.3125 1.10078125
v 0.07734374999999999 1.3125 1.01484375
v 0.029687499999999978 1.3125 1.0625
v 0.125 1.3125 0.9984375
v 0.17265625 1.3125 1.01484375
v 0.22031250000000002 1.3125 1.0625
v 0.0625 1.3125 1.7828125
v 0 1.3125 1.7828125
v 0.125 1.3125 1.7828125
v 0.1875 1.3125 1.7828125
v 0.25 1.3125 1.7828125
v 0.0625 1.228385 1.859918125
v 0.125 1.269041875 1.822649375
v 0.234375 1.24925125 1.7654
v 0.234375 1.15550125 1.8513375
v 0.125 1.21896875 1.79315875
v 0.125 1.175073125 1.859178125
v 0.0625 1.18847625 1.821110625
v 0.020833125000000008 1.156293125 1.8763925
v 0.25 1.125 1.78125
v 0.25 1.193705 1.85915625
v 0.210246875 1.255045625 1.79388
v 0.22255124999999998 1.19129 1.862640625
v 0.225871875 1.308919375 1.7925425
v 0.21990437499999999 1.129670625 1.953203125
v 0.07734374999999999 1.21875 1.01484375
v 0.125 1.21875 0.9984375
v 0.17265625 1.21875 1.01484375
v 0.22031250000000002 1.21875 1.0625
v 0.23828125 1.21875 1.10078125
v 0.25 1.21875 1.1390625
v 0.25 1.21875 1.15625
v 0.25 1.21875 1.78203125
v 0.029687499999999978 1.21875 1.0625
v 0.01171875 1.21875 1.10078125
v 0 1.21875 1.1390625
v 0 1.21875 1.15625
v 0 1.21875 1.78203125
v 0.155465625 1.225 0.9921875
v 0.09293687499999997 1.2875 0.9916849999999999
v 0.09293687499999997 1.225 0.9916849999999999
v 0.15706312500000003 1.2875 0.9916849999999999
v 0.09343875000000001 1.2875 0.690124375
v 0.09343875000000001 1.225 0.690124375
v 0.155968125 1.225 0.690626875
v 0.157565625 1.2875 0.690124375
v 0.014253124999999978 1.31875 0.688564375
v 0.008003125 1.1921875 0.688564375
v 0.23812624999999998 1.1921875 0.68906625
v 0.237755 1.31875 0.688564375
v 0.014390000000000014 1.318743125 0.501064375
v 0.00813999999999998 1.192180625 0.501064375
v 0.2382625 1.192180625 0.501566875
v 0.23789125 1.318743125 0.501064375
v 0.12320124999999998 1.192180625 0.501315625
v 0.12306499999999998 1.1921875 0.6888156249999999
v 0.12470312500000003 1.225 0.6903756249999999
v 0.12420124999999999 1.225 0.99193625
v 0.126140625 1.318743125 0.501064375
v 0.126004375 1.31875 0.688564375
v 0.12550187499999998 1.2875 0.690124375
v 0.125 1.2875 0.9916849999999999
v 0.180731875 1.192180625 0.50144125
v 0.18059562499999998 1.1921875 0.6889412500000001
v 0.14033562500000002 1.225 0.6905012500000001
v 0.13983374999999998 1.225 0.992061875
v 0.18201625 1.318743125 0.501064375
v 0.181879375 1.31875 0.688564375
v 0.14153375 1.2875 0.690124375
v 0.14103187499999997 1.2875 0.9916849999999999
v 0.008071875000000006 1.192184375 0.622939375
v 0.014321874999999984 1.318746875 0.622939375
v 0.12607249999999998 1.318746875 0.622939375
v 0.18194812500000002 1.318746875 0.622939375
v 0.23782312500000002 1.318746875 0.622939375
v 0.238194375 1.192184375 0.623441875
v 0.06567062499999998 1.192180625 0.50119
v 0.07026500000000002 1.318743125 0.501064375
v 0.07019687499999999 1.318746875 0.622939375
v 0.07012875000000002 1.31875 0.688564375
v 0.10947062499999999 1.2875 0.690124375
v 0.10896812500000003 1.2875 0.9916849999999999
v 0.06553437499999998 1.1921875 0.68869
v 0.10907125000000001 1.225 0.69025
v 0.10856874999999999 1.225 0.9918106250000001
v 0.06563625000000001 1.1921825 0.5902525
v 0.12316687500000001 1.1921825 0.590378125
v 0.180698125 1.1921825 0.59050375
v 0.23822875 1.1921825 0.590629375
v 0.2378575 1.318745 0.5901268749999999
v 0.18198187500000002 1.318745 0.5901268749999999
v 0.12610624999999998 1.318745 0.5901268749999999
v 0.07023125000000002 1.318745 0.5901268749999999
v 0.014355624999999983 1.318745 0.5901268749999999
v 0.008105625000000005 1.1921825 0.5901268749999999
v 0.06556812499999998 1.192185625 0.6558775
v 0.12309874999999998 1.192185625 0.656003125
v 0.18062937499999998 1.192185625 0.65612875
v 0.23816062500000001 1.192185625 0.6562543750000001
v 0.23778937500000003 1.318748125 0.655751875
v 0.18191374999999999 1.318748125 0.655751875
v 0.126038125 1.318748125 0.655751875
v 0.07016312499999999 1.318748125 0.655751875
v 0.014287500000000009 1.318748125 0.655751875
v 0.008037499999999975 1.192185625 0.655751875
v 0.15193250000000003 1.1921825 0.590440625
v 0.151898125 1.192184375 0.623253125
v 0.151864375 1.192185625 0.656065625
v 0.15183000000000002 1.1921875 0.688878125
v 0.132519375 1.225 0.69043875
v 0.1320175 1.225 0.991999375
v 0.151966875 1.192180625 0.501378125
v 0.154078125 1.318743125 0.501064375
v 0.154044375 1.318745 0.5901268749999999
v 0.15400999999999998 1.318746875 0.622939375
v 0.15397624999999998 1.318748125 0.655751875
v 0.153941875 1.31875 0.688564375
v 0.133518125 1.2875 0.690124375
v 0.13301562500000003 1.2875 0.9916849999999999
v 0.09440187500000002 1.1921825 0.590315
v 0.09436749999999999 1.192184375 0.6231275000000001
v 0.09433375 1.192185625 0.65594
v 0.09429937500000002 1.1921875 0.6887525
v 0.11688749999999998 1.225 0.690313125
v 0.11638500000000002 1.225 0.99187375
v 0.09443562500000002 1.192180625 0.5012525
v 0.098203125 1.318743125 0.501064375
v 0.09816875000000003 1.318745 0.5901268749999999
v 0.09813499999999997 1.318746875 0.622939375
v 0.098100625 1.318748125 0.655751875
v 0.09806625000000002 1.31875 0.688564375
v 0.11748625000000001 1.2875 0.690124375
v 0.11698437499999997 1.2875 0.9916849999999999
v 0.12313312500000001 1.192184375 0.623190625
v 0.03687125000000002 1.1921825 0.590189375
v 0.03683687499999999 1.192184375 0.623001875
v 0.03680312499999999 1.192185625 0.6558143750000001
v 0.03676875000000002 1.1921875 0.688626875
v 0.10125499999999998 1.225 0.6901875
v 0.100753125 1.225 0.991748125
v 0.03690500000000002 1.192180625 0.501126875
v 0.04232750000000002 1.318743125 0.501064375
v 0.04229312499999999 1.318745 0.5901268749999999
v 0.04225937499999999 1.318746875 0.622939375
v 0.04222500000000001 1.318748125 0.655751875
v 0.04219125000000001 1.31875 0.688564375
v 0.10145437499999999 1.2875 0.690124375
v 0.1009525 1.2875 0.9916849999999999
v 0.20942937499999997 1.192184375 0.62337875
v 0.209395 1.192185625 0.65619125
v 0.20936062500000002 1.1921875 0.68900375
v 0.148151875 1.225 0.690564375
v 0.14765 1.225 0.9921249999999999
v 0.2094975 1.192180625 0.50150375
v 0.20995375 1.318743125 0.501064375
v 0.20991937500000002 1.318745 0.5901268749999999
v 0.20988562500000002 1.318746875 0.622939375
v 0.20985125 1.318748125 0.655751875
v 0.2098175 1.31875 0.688564375
v 0.14954937499999998 1.2875 0.690124375
v 0.1490475 1.2875 0.9916849999999999
v 0.18066375 1.192184375 0.62331625
v 0.06560250000000001 1.192184375 0.623065
v 0.040820625 1.3125 1.071484375
v 0.03125 1.3125 1.104296875
v 0.03125 1.3125 1.15625
v 0.03125 1.3125 1.7828125
v 0.03125 1.1766925 1.907303125
v 0.04166687499999999 1.172384375 1.84875125
v 0.05351562500000001 1.3125 1.038671875
v 0.05351562500000001 1.21875 1.038671875
v 0.05351562500000001 1.125 1.038671875
v 0.05351562500000001 0.25 1.038671875
v 0.040820625 0.25 1.071484375
v 0.03125 0.25 1.104296875
v 0.03125 0.25 1.15625
v 0.03125 0.25 0.5
v 0.03125 0 0.5
v 0.03125 0 1.15625
v 0.03125 0 1.78125
v 0.03125 0.18125 2.015625
v 0.03125 0.25 2.015625
v 0.03125 1.125 1.9546875
v 0.04166687499999999 1.16060125 1.87244375
v 0.15416687499999998 1.5234375 0.5609375
v 0.15416687499999998 1.5234375 0.5015625
v 0.20666687500000003 1.30625 0.6203125
v 0.20666687500000003 1.30625 0.4421875
v 0.09583312500000002 1.5234375 0.5609375
v 0.09583312500000002 1.5234375 0.5015625
v 0.04333312499999997 1.30625 0.6203125
v 0.04333312499999997 1.30625 0.4421875
v 0.1640625 1.5234375 0.53125
v 0.234375 1.30625 0.53125
v 0.015625 1.30625 0.53125
v 0.0859375 1.5234375 0.53125
v 0.125 1.5234375 0.57083375
v 0.125 1.30625 0.65
v 0.125 1.30625 0.53125
v 0.125 1.30625 0.4125
v 0.125 1.5234375 0.49166625
v 0.125 1.5234375 0.53125
v 0.0625 1.16490875 1.868495
v 0.19921875 1.41484375 0.53125
v 0.18041687499999998 1.41484375 0.590625
v 0.125 1.41484375 0.610416875
v 0.06958312500000002 1.41484375 0.590625
v 0.05078125 1.41484375 0.53125
v 0.06958312500000002 1.41484375 0.471875
v 0.125 1.41484375 0.45208312500000003
v 0.18041687499999998 1.41484375 0.471875
v 0.16729187499999998 1.469140625 0.57578125
v 0.181640625 1.469140625 0.53125
v 0.16729187499999998 1.469140625 0.48671875
v 0.125 1.469140625 0.471875
v 0.08270812500000002 1.469140625 0.48671875
v 0.068359375 1.469140625 0.53125
v 0.08270812500000002 1.469140625 0.57578125
v 0.125 1.469140625 0.590625
v 1 0.3265625 0.59375
v 1 0.3265625 0.884375
v 1 1.325 0.884375
v 1 1.325 0.59375
v 1.0375 0.3265625 0.59375
v 1.0375 1.325 0.59375
v 1.0375 0.3265625 0.884375
v 1.0375 1.325 0.884375
v 1 0.3265625 0.49375
v 1 0.3265625 0.596875
v 1 1.1375 0.596875
v 1 1.1375 0.49375
v 1.0375 0.3265625 0.49375
v 1.0375 1.1375 0.49375
v 1.0375 0.3265625 0.596875
v 1.0375 1.1375 0.596875
v 0.25 0.3265625 0.865625
v 0.25 0.3265625 0.575
v 0.25 1.325 0.575
v 0.25 1.325 0.865625
v 0.21250000000000002 0.3265625 0.865625
v 0.21250000000000002 1.325 0.865625
v 0.21250000000000002 0.3265625 0.575
v 0.21250000000000002 1.325 0.575
v 0.25 0.3265625 0.578125
v 0.25 0.3265625 0.475
v 0.25 1.1375 0.475
v 0.25 1.1375 0.578125
v 0.21250000000000002 0.3265625 0.578125
v 0.21250000000000002 1.1375 0.578125
v 0.21250000000000002 0.3265625 0.475
v 0.21250000000000002 1.1375 0.475
vt 0.106445625 0.8032225
vt 0.106445625 0.82910125
vt 0.055175625 0.82910125
vt 0.055175625 0.8032225
vt 0.106445625 0.8032225
vt 0.106445625 0.82910125
vt 0.055175625 0.82910125
vt 0.055175625 0.8032225
vt 0.106445625 0.816161875
vt 0.106445625 0.82910125
vt 0.055175625 0.82910125
vt 0.055175625 0.816161875
vt 0.106445625 0.816161875
vt 0.106445625 0.82910125
vt 0.055175625 0.82910125
vt 0.055175625 0.816161875
vt 0.106445625 0.8032225
vt 0.106445625 0.82910125
vt 0.055175625 0.82910125
vt 0.055175625 0.8032225
vt 0.106445625 0.8032225
vt 0.106445625 0.82910125
vt 0.055175625 0.82910125
vt 0.055175625 0.8032225
vt 0.106445625 0.8032225
vt 0.106445625 0.82910125
vt 0.055175625 0.82910125
vt 0.055175625 0.8032225
vt 0.106445625 0.8032225
vt 0.106445625 0.82910125
vt 0.055175625 0.82910125
vt 0.055175625 0.8032225
vt 0.106445625 0.816161875
vt 0.106445625 0.82910125
vt 0.055175625 0.82910125
vt 0.055175625 0.816161875
vt 0.106445625 0.816161875
vt 0.106445625 0.82910125
vt 0.055175625 0.82910125
vt 0.055175625 0.816161875
vt 0.106445625 0.8032225
vt 0.106445625 0.82910125
vt 0.055175625 0.82910125
vt 0.055175625 0.8032225
vt 0.106445625 0.8032225
vt 0.106445625 0.82910125
vt 0.055175625 0.82910125
vt 0.055175625 0.8032225
vt 0.12330125 0.77495125
vt 0.126220625 0.77495125
vt 0.093709375 0.821613125
vt 0.08563 0.809216875
vt 0.244588125 0.87744125
vt 0.259745 0.87744125
vt 0.259745 0.78378
vt 0.244588125 0.78378
vt 1.84375 0.875
vt 1.765625 0.875
vt 1.765625 0.625
vt 1.84375 0.625
vt 0.742431875 0.142578125
vt 0.746704375 0.142578125
vt 0.746704375 0.16064437499999995
vt 0.742431875 0.16064437499999995
vt 0.08203125 0.82583375
vt 0.08429125 0.83823
vt 0.08203125 0.84765625
vt 0.08203125 0.84765625
vt 0.089000625 0.8299212499999999
vt 0.091355 0.8257675
vt 0.126220625 0.84765625
vt 0.126220625 0.84765625
vt 0.05400375 0.977050625
vt 0.05400375 0.79296875
vt 0.063965 0.79296875
vt 0.063965 0.977050625
vt 0.67515375 0.56640625
vt 0.68436125 0.56640625
vt 0.68436125 0.6484375
vt 0.67515375 0.6484375
vt 0.08203125 0.832031875
vt 0.08833125 0.844428125
vt 0.0864475 0.84765625
vt 0.08203125 0.835355
vt 0.15970875 0.779096875
vt 0.144551875 0.779096875
vt 0.144551875 0.77441375
vt 0.15970875 0.77441375
vt 0.05400375 0.977050625
vt 0.05400375 0.79296875
vt 0.063965 0.79296875
vt 0.063965 0.977050625
vt 0.128418125 0.734375
vt 0.128418125 0.8642575
vt 0.049805 0.8642575
vt 0.049805 0.734375
vt 0.19213875 0.806640625
vt 0.169555625 0.806640625
vt 0.169555625 0.765136875
vt 0.19213875 0.765136875
vt 0.08631125 0.84132875
vt 0.0844275 0.844651875
vt 0.082408125 0.841553125
vt 0.08429125 0.83823
vt 0.1938475 0.95849625
vt 0.14746125 0.95849625
vt 0.14746125 0.931640625
vt 0.1938475 0.931640625
vt 0.7421875 0.142578125
vt 0.7492675 0.142578125
vt 0.7492675 0.256835625
vt 0.7421875 0.256835625
vt 0.69433625 0.256835625
vt 0.673828125 0.256835625
vt 0.673828125 0.14111312499999995
vt 0.69433625 0.14111312499999995
vt 0.08631125 0.84132875
vt 0.0844275 0.844651875
vt 0.082408125 0.841553125
vt 0.08429125 0.83823
vt 0.08203125 0.804364375
vt 0.0864475 0.84765625
vt 0.084564375 0.84765625
vt 0.08203125 0.807688125
vt 0.125 0.9375
vt 0.0625 0.9375
vt 0.0625 0.875
vt 0.125 0.875
vt 0.08833125 0.844428125
vt 0.08203125 0.80104125
vt 0.08203125 0.7977181250000001
vt 0.090215 0.841104375
vt 0.0864475 0.84765625
vt 0.0854375 0.846201875
vt 0.08732125 0.842878125
vt 0.08833125 0.844428125
vt 0.08203125 0.807688125
vt 0.08203125 0.8060262499999999
vt 0.085505625 0.84765625
vt 0.084564375 0.84765625
vt 0.125 0.875
vt 0.125 0.90625
vt 0.0625 0.90625
vt 0.0625 0.875
vt 0.090215 0.841104375
vt 0.089273125 0.8427662499999999
vt 0.08203125 0.799379375
vt 0.08203125 0.7977181250000001
vt 0.08429125 0.83823
vt 0.086175 0.83490625
vt 0.088195 0.838005625
vt 0.08631125 0.84132875
vt 0.1875 0.875
vt 0.1875 0.90625
vt 0.125 0.90625
vt 0.125 0.875
vt 0.125 0.875
vt 0.1875 0.875
vt 0.1875 0.9375
vt 0.125 0.9375
vt 0.126220625 0.84765625
vt 0.126220625 0.84765625
vt 0.08664625 0.834075625
vt 0.089000625 0.8299212499999999
vt 1.84375 0.625
vt 1.921875 0.625
vt 1.921875 0.875
vt 1.84375 0.875
vt 0.244588125 0.78378
vt 0.22943125 0.78378
vt 0.22943125 0.87744125
vt 0.244588125 0.87744125
vt 0.15970875 0.77441375
vt 0.174865625 0.77441375
vt 0.174865625 0.779096875
vt 0.15970875 0.779096875
vt 0.19213875 0.765136875
vt 0.214721875 0.765136875
vt 0.214721875 0.806640625
vt 0.19213875 0.806640625
vt 0.742431875 0.16064437499999995
vt 0.738159375 0.16064437499999995
vt 0.738159375 0.142578125
vt 0.742431875 0.142578125
vt 0.7421875 0.256835625
vt 0.7351075 0.256835625
vt 0.7351075 0.142578125
vt 0.7421875 0.142578125
vt 0.67515375 0.6484375
vt 0.665945625 0.6484375
vt 0.665945625 0.56640625
vt 0.67515375 0.56640625
vt 0.08429125 0.83823
vt 0.086175 0.83490625
vt 0.088195 0.838005625
vt 0.08631125 0.84132875
vt 0.08833125 0.844428125
vt 0.08732125 0.842878125
vt 0.089205 0.839555
vt 0.090215 0.841104375
vt 0.0844275 0.844651875
vt 0.08348625 0.84631375
vt 0.08203125 0.843215
vt 0.082408125 0.841553125
vt 0.0864475 0.84765625
vt 0.085505625 0.84765625
vt 0.08449625 0.84765625
vt 0.0854375 0.846201875
vt 0.0844275 0.844651875
vt 0.08348625 0.84631375
vt 0.08203125 0.843215
vt 0.082408125 0.841553125
vt 0.68436125 0.56640625
vt 0.688965 0.56640625
vt 0.688965 0.6484375
vt 0.68436125 0.6484375
vt 0.7492675 0.142578125
vt 0.7528075 0.142578125
vt 0.7528075 0.256835625
vt 0.7492675 0.256835625
vt 0.746704375 0.142578125
vt 0.748840625 0.142578125
vt 0.748840625 0.16064437499999995
vt 0.746704375 0.16064437499999995
vt 0.169555625 0.806640625
vt 0.158264375 0.806640625
vt 0.158264375 0.765136875
vt 0.169555625 0.765136875
vt 0.144551875 0.779096875
vt 0.136973125 0.779096875
vt 0.136973125 0.77441375
vt 0.144551875 0.77441375
vt 0.259745 0.87744125
vt 0.26732375 0.87744125
vt 0.26732375 0.78378
vt 0.259745 0.78378
vt 1.765625 0.875
vt 1.7265625 0.875
vt 1.7265625 0.625
vt 1.765625 0.625
vt 0.091355 0.8257675
vt 0.092531875 0.82369
vt 0.126220625 0.84765625
vt 0.126220625 0.84765625
vt 0.0625 0.9375
vt 0.03125 0.9375
vt 0.03125 0.875
vt 0.0625 0.875
vt 0.0625 0.90625
vt 0.03125 0.90625
vt 0.03125 0.875
vt 0.0625 0.875
vt 0.09007875 0.834681875
vt 0.088195 0.838005625
vt 0.086175 0.83490625
vt 0.08805875 0.831583125
vt 0.25 0.875
vt 0.25 0.90625
vt 0.1875 0.90625
vt 0.1875 0.875
vt 0.25 0.9375
vt 0.1875 0.9375
vt 0.1875 0.875
vt 0.25 0.875
vt 0.08429125 0.83823
vt 0.08664625 0.834075625
vt 0.126220625 0.84765625
vt 0.124689375 0.84765625
vt 2 0.875
vt 1.921875 0.875
vt 1.921875 0.625
vt 2 0.625
vt 0.214274375 0.87744125
vt 0.22943125 0.87744125
vt 0.22943125 0.78378
vt 0.214274375 0.78378
vt 0.1900225 0.779096875
vt 0.174865625 0.779096875
vt 0.174865625 0.77441375
vt 0.1900225 0.77441375
vt 0.237305 0.806640625
vt 0.214721875 0.806640625
vt 0.214721875 0.765136875
vt 0.237305 0.765136875
vt 0.733886875 0.142578125
vt 0.738159375 0.142578125
vt 0.738159375 0.16064437499999995
vt 0.733886875 0.16064437499999995
vt 0.7280275 0.142578125
vt 0.7351075 0.142578125
vt 0.7351075 0.256835625
vt 0.7280275 0.256835625
vt 0.656738125 0.56640625
vt 0.665945625 0.56640625
vt 0.665945625 0.6484375
vt 0.656738125 0.6484375
vt 0.09007875 0.834681875
vt 0.088195 0.838005625
vt 0.086175 0.83490625
vt 0.08805875 0.831583125
vt 0.090215 0.841104375
vt 0.089205 0.839555
vt 0.09108875 0.836231875
vt 0.092098125 0.83778125
vt 0.08203125 0.80104125
vt 0.08203125 0.799379375
vt 0.089273125 0.8427662499999999
vt 0.08833125 0.844428125
vt 0.09007875 0.834681875
vt 0.09108875 0.836231875
vt 0.089205 0.839555
vt 0.088195 0.838005625
vt 0.088195 0.838005625
vt 0.089205 0.839555
vt 0.08732125 0.842878125
vt 0.08631125 0.84132875
vt 0.08631125 0.84132875
vt 0.08732125 0.842878125
vt 0.0854375 0.846201875
vt 0.0844275 0.844651875
vt 0.0854375 0.846201875
vt 0.08449625 0.84765625
vt 0.08348625 0.84631375
vt 0.0844275 0.844651875
vt 0.0864475 0.84765625
vt 0.085505625 0.84765625
vt 0.08203125 0.8060262499999999
vt 0.08203125 0.804364375
vt 0.0625 0.9375
vt 0.03125 0.9375
vt 0.03125 0.90625
vt 0.0625 0.90625
vt 0.0625 0.9375
vt 0.0625 0.90625
vt 0.125 0.90625
vt 0.125 0.9375
vt 0.125 0.9375
vt 0.125 0.90625
vt 0.1875 0.90625
vt 0.1875 0.9375
vt 0.1875 0.9375
vt 0.1875 0.90625
vt 0.25 0.90625
vt 0.25 0.9375
vt 0.68505875 0.45361312499999995
vt 0.68505875 0.47753875
vt 0.66015625 0.47753875
vt 0.66015625 0.45361312499999995
vt 0.113769375 0.93103
vt 0.113769375 0.954040625
vt 0.01416 0.954040625
vt 0.01416 0.93103
vt 0.0830625 0.84706125
vt 0.084071875 0.84765625
vt 0.083554375 0.84765625
vt 0.082544375 0.84765625
vt 0.086829375 0.840415
vt 0.087839375 0.841964375
vt 0.08732125 0.842878125
vt 0.08631125 0.84132875
vt 0.085634375 0.842523125
vt 0.086644375 0.8440725
vt 0.0854375 0.846201875
vt 0.0844275 0.844651875
vt 0.083750625 0.84584625
vt 0.084760625 0.84739625
vt 0.083554375 0.84765625
vt 0.082544375 0.84765625
vt 0.08381875 0.845726875
vt 0.08482875 0.84727625
vt 0.083554375 0.84765625
vt 0.082544375 0.84765625
vt 0.085585 0.84594125
vt 0.08457 0.84765625
vt 0.08356 0.84618375
vt 0.084575 0.844391875
vt 0.084063125 0.845295625
vt 0.085073125 0.846845
vt 0.083554375 0.84765625
vt 0.082544375 0.84765625
vt 0.085946875 0.8419725
vt 0.086956875 0.843521875
vt 0.0854375 0.846201875
vt 0.0844275 0.844651875
vt 0.0857025 0.84240375
vt 0.086711875 0.843953125
vt 0.0854375 0.846201875
vt 0.0844275 0.844651875
vt 0.08645875 0.841068125
vt 0.08746875 0.8426175
vt 0.0854375 0.846201875
vt 0.0844275 0.844651875
vt 0.85546875 0.552409375
vt 0.8573025 0.55559625
vt 0.85546875 0.56005875
vt 0.86097 0.56005875
vt 0.85546875 0.56005875
vt 0.85546875 0.5584781249999999
vt 0.86097 0.5569999999999999
vt 0.8673175 0.54549
vt 0.872129375 0.550293125
vt 0.873046875 0.538580625
vt 0.867766875 0.537155
vt 0.86647125 0.56005875
vt 0.86097 0.56005875
vt 0.86097 0.55938625
vt 0.86647125 0.5584781249999999
vt 0.88112 0.5504512500000001
vt 0.876106875 0.553710625
vt 0.87561875 0.5377881250000001
vt 0.88063125 0.538329375
vt 0.8719725 0.56005875
vt 0.86647125 0.56005875
vt 0.8719725 0.55938625
vt 0.86097 0.55380625
vt 0.86647125 0.5510349999999999
vt 0.86647125 0.5563631250000001
vt 0.86097 0.56005875
vt 0.86647125 0.552316875
vt 0.86097 0.5532406249999999
vt 0.86097 0.54698875
vt 0.86647125 0.54698875
vt 0.85546875 0.55473
vt 0.86097 0.550218125
vt 0.86097 0.5540425
vt 0.85546875 0.56005875
vt 0.86097 0.551736875
vt 0.85546875 0.5532406249999999
vt 0.85546875 0.5479125
vt 0.86097 0.5479125
vt 0.85546875 0.5562337500000001
vt 0.858219375 0.5562337500000001
vt 0.8573025 0.55942125
vt 0.85546875 0.56005875
vt 0.113769375 0.977050625
vt 0.01416 0.977050625
vt 0.01416 0.93103
vt 0.113769375 0.93103
vt 0.05151375 0.977050625
vt 0.01416 0.977050625
vt 0.01416 0.93103
vt 0.05151375 0.93103
vt 0.86647125 0.545716875
vt 0.867846875 0.55278
vt 0.86647125 0.56005875
vt 0.127236875 0.9375
vt 0.003843125 0.9375
vt 0 0.875118125
vt 0.127030625 0.8752925
vt 0.12622625 1
vt 0.0625 0.97793125
vt 0.0625 0.915429375
vt 0.12622625 0.937498125
vt 0.102555625 0.9375
vt 0 0.9375
vt 0.00024375 0.87500625
vt 0.109075625 0.875426875
vt 0.672046875 0.47673
vt 0.668591875 0.47753875
vt 0.665136875 0.45361312499999995
vt 0.665136875 0.45361312499999995
vt 0.672046875 0.45361312499999995
vt 0.672046875 0.47673
vt 0.856514375 0.5457525
vt 0.860883125 0.546209375
vt 0.860883125 0.56005875
vt 0.85546875 0.55885125
vt 0.86097 0.545345
vt 0.866453125 0.54532375
vt 0.866453125 0.559496875
vt 0.861946875 0.561035
vt 0.02798125 0.954040625
vt 0.01416 0.93103
vt 0.041801875 0.93103
vt 0.85546875 0.5569999999999999
vt 0.858219375 0.555120625
vt 0.858219375 0.56005875
vt 0.85546875 0.56005875
vt 0.85546875 0.5562337500000001
vt 0.8573025 0.551771875
vt 0.858219375 0.552409375
vt 0.85546875 0.56005875
vt 0.0126 0.96875
vt 0.0189 0.96875
vt 0.0189 1
vt 0.0126 1
vt 0.0864475 0.84765625
vt 0.0854375 0.846201875
vt 0.08746875 0.8426175
vt 0.08847875 0.8441675
vt 0.0864475 0.84765625
vt 0.0854375 0.846201875
vt 0.086711875 0.843953125
vt 0.087721875 0.8455025
vt 0.0864475 0.84765625
vt 0.0854375 0.846201875
vt 0.086644375 0.8440725
vt 0.087654375 0.8456224999999999
vt 0.08833125 0.844428125
vt 0.08732125 0.842878125
vt 0.087839375 0.841964375
vt 0.088849375 0.8435137500000001
vt 0.66015625 0.501465
vt 0.66015625 0.47753875
vt 0.68505875 0.47753875
vt 0.68505875 0.501465
vt 0.672046875 0.501465
vt 0.668591875 0.47753875
vt 0.672046875 0.47673
vt 0.086595 0.84749125
vt 0.085579375 0.84765625
vt 0.08457 0.84765625
vt 0.085585 0.84594125
vt 0.084564375 0.84765625
vt 0.083554375 0.84765625
vt 0.08482875 0.84727625
vt 0.08583875 0.84765625
vt 0.084564375 0.84765625
vt 0.083554375 0.84765625
vt 0.084760625 0.84739625
vt 0.085770625 0.84765625
vt 0.084564375 0.84765625
vt 0.083554375 0.84765625
vt 0.084071875 0.84765625
vt 0.085081875 0.84765625
vt 0.01416 0.977050625
vt 0.01416 0.954040625
vt 0.113769375 0.954040625
vt 0.113769375 0.977050625
vt 0.02798125 0.954040625
vt 0.01416 0.977050625
vt 0.01416 0.93103
vt 0.084564375 0.84765625
vt 0.08203125 0.846425625
vt 0.083418125 0.8431025
vt 0.0864475 0.84765625
vt 0.083418125 0.8431025
vt 0.0864475 0.84765625
vt 0.084564375 0.84765625
vt 0.08203125 0.846425625
vt 0.08467625 0.84421375
vt 0.08669625 0.8473125
vt 0.0851775 0.84765625
vt 0.08481875 0.845251875
vt 0.082653125 0.84765625
vt 0.08238 0.847385625
vt 0.08481875 0.845251875
vt 0.0864475 0.84765625
vt 0.084564375 0.84765625
vt 0.083906875 0.84765625
vt 0.0822775 0.847566875
vt 0.08416125 0.844243125
vt 0.05040125 0.9375025
vt 0.008843125 0.999575
vt 0 1
vt 0.084564375 0.84765625
vt 0.082544375 0.84765625
vt 0.084063125 0.845295625
vt 0.0844275 0.844651875
vt 0.0864475 0.84765625
vt 0.084564375 0.84765625
vt 0.082544375 0.84765625
vt 0.08405875 0.84765625
vt 0.08380625 0.84765625
vt 0.08569 0.846588125
vt 0.0859425 0.846975625
vt 0.084564375 0.84765625
vt 0.08254375 0.84765625
vt 0.084410625 0.8446256249999999
vt 0.08643125 0.84765625
vt 0.0830425 0.84709625
vt 0.08328375 0.84667
vt 0.08528875 0.84765625
vt 0.0850475 0.84765625
vt 0.088011875 0.839859375
vt 0.088011875 0.86962875
vt 0.06543 0.86962875
vt 0.06543 0.839859375
vt 0.06543 0.8621825
vt 0.065430625 0.858459375
vt 0.088013125 0.858460625
vt 0.088013125 0.862183125
vt 0.06543 0.86962875
vt 0.06543 0.83985
vt 0.08801125 0.839605625
vt 0.08801125 0.869385
vt 0.071405 0.839859375
vt 0.07430125 0.839859375
vt 0.074118125 0.86962875
vt 0.071221875 0.86962875
vt 0.065430625 0.854744375
vt 0.06543 0.847301875
vt 0.111215625 0.847301875
vt 0.111215625 0.854744375
vt 0.127789375 0.854744375
vt 0.11739625 0.854744375
vt 0.11739625 0.847301875
vt 0.127789375 0.847301875
vt 0.076720625 0.869571875
vt 0.071075 0.8696
vt 0.071075 0.8093168749999999
vt 0.076720625 0.809288125
vt 0.085654375 0.847301875
vt 0.09574875 0.847301875
vt 0.095736875 0.854744375
vt 0.0856425 0.854744375
vt 0.1070025 0.854744375
vt 0.096609375 0.854744375
vt 0.096609375 0.847301875
vt 0.1070025 0.847301875
vt 0.065430625 0.85473625
vt 0.06543125 0.851013125
vt 0.088013125 0.851015
vt 0.088013125 0.8547375
vt 0.08355375 0.84765625
vt 0.08330125 0.84765625
vt 0.085184375 0.845813125
vt 0.0854375 0.846200625
vt 0.084063125 0.845295625
vt 0.085828125 0.84765625
vt 0.085575 0.84765625
vt 0.0252 0.96875
vt 0.0315 0.96875
vt 0.0315 1
vt 0.0252 1
vt 0.111850625 0.953125
vt 0.13978875 0.953125
vt 0.139755 0.96875
vt 0.1118175 0.96875
vt 0.0771975 0.839859375
vt 0.08009375 0.839859375
vt 0.079910625 0.86962875
vt 0.077014375 0.86962875
vt 0.083525625 0.84624375
vt 0.083766875 0.8458175
vt 0.085771875 0.84765625
vt 0.085530625 0.84765625
vt 0.08481875 0.845251875
vt 0.083745 0.84765625
vt 0.0834725 0.84765625
vt 0.08621625 0.854744375
vt 0.075823125 0.854744375
vt 0.075823125 0.847301875
vt 0.08621625 0.847301875
vt 0.06543125 0.84729
vt 0.065431875 0.843566875
vt 0.088013125 0.843569375
vt 0.088013125 0.847291875
vt 0.083048125 0.84765625
vt 0.082795625 0.84765625
vt 0.084679375 0.845038125
vt 0.084931875 0.845425625
vt 0.084063125 0.845295625
vt 0.08633375 0.847635625
vt 0.086080625 0.84765625
vt 0.0378 0.96875
vt 0.0441 0.96875
vt 0.0441 1
vt 0.0378 1
vt 0.1260325 0.847301875
vt 0.136126875 0.847301875
vt 0.136114375 0.854744375
vt 0.12602 0.854744375
vt 0.08299 0.839859375
vt 0.08588625 0.839859375
vt 0.085703125 0.86962875
vt 0.082806875 0.86962875
vt 0.08400875 0.845391875
vt 0.08425 0.8449656249999999
vt 0.086255 0.84765625
vt 0.08601375 0.84765625
vt 0.08481875 0.845251875
vt 0.083199375 0.84765625
vt 0.08292625 0.84765625
vt 0.127789375 0.86962875
vt 0.11739625 0.86962875
vt 0.11739625 0.862186875
vt 0.127789375 0.862186875
vt 0.065431875 0.86962875
vt 0.06543125 0.862186875
vt 0.111215625 0.862186875
vt 0.111215625 0.86962875
vt 0.085630625 0.862186875
vt 0.095725 0.862186875
vt 0.0957125 0.86962875
vt 0.085618125 0.86962875
vt 0.105819375 0.862186875
vt 0.11591375 0.862186875
vt 0.11590125 0.86962875
vt 0.105806875 0.86962875
vt 0.126008125 0.862186875
vt 0.1361025 0.862186875
vt 0.13609 0.86962875
vt 0.125995625 0.86962875
vt 0.088011875 0.8695143750000001
vt 0.08236625 0.869543125
vt 0.08236625 0.809259375
vt 0.088011875 0.8092312500000001
vt 0.08621625 0.86962875
vt 0.075823125 0.86962875
vt 0.075823125 0.862186875
vt 0.08621625 0.862186875
vt 0.1070025 0.86962875
vt 0.096609375 0.86962875
vt 0.096609375 0.862186875
vt 0.1070025 0.862186875
vt 0.148575625 0.854744375
vt 0.1381825 0.854744375
vt 0.1381825 0.847301875
vt 0.148575625 0.847301875
vt 0 0.96875
vt 0.0063 0.96875
vt 0.0063 1
vt 0 1
vt 0.065465 0.847301875
vt 0.07556 0.847301875
vt 0.075548125 0.854744375
vt 0.065453125 0.854744375
vt 0.06544125 0.862186875
vt 0.07553625 0.862186875
vt 0.07552375 0.86962875
vt 0.06543 0.86962875
vt 0.0656125 0.839859375
vt 0.06850875 0.839859375
vt 0.068325625 0.86962875
vt 0.06543 0.86962875
vt 0.082559375 0.84765625
vt 0.082800625 0.8475225
vt 0.084805625 0.84765625
vt 0.084564375 0.84765625
vt 0.08481875 0.845251875
vt 0.08429125 0.84765625
vt 0.084018125 0.84765625
vt 0.148575625 0.86962875
vt 0.1381825 0.86962875
vt 0.1381825 0.862186875
vt 0.148575625 0.862186875
vt 0.06543 0.86962875
vt 0.06543 0.865905625
vt 0.088013125 0.86590625
vt 0.088013125 0.86962875
vt 0.084564375 0.84765625
vt 0.08431125 0.84765625
vt 0.086195 0.84736375
vt 0.0864475 0.84765625
vt 0.084063125 0.845295625
vt 0.0853225 0.84765625
vt 0.085069375 0.84765625
vt 0.127789375 0.847301875
vt 0.11739625 0.847301875
vt 0.11739625 0.839859375
vt 0.127789375 0.839859375
vt 0.1070025 0.847301875
vt 0.096609375 0.847301875
vt 0.096609375 0.839859375
vt 0.1070025 0.839859375
vt 0.05753 0.953125
vt 0.028765 0.953125
vt 0.028765 0.9375
vt 0.05753 0.9375
vt 0.06543 0.809345625
vt 0.071075 0.8093168749999999
vt 0.071075 0.8696
vt 0.06543 0.86962875
vt 0.16776125 0.9375
vt 0.195699375 0.9375
vt 0.195665 0.953125
vt 0.167726875 0.953125
vt 0.111884375 0.9375
vt 0.1398225 0.9375
vt 0.13978875 0.953125
vt 0.111850625 0.953125
vt 0.056008125 0.9375
vt 0.08394625 0.9375
vt 0.0839125 0.953125
vt 0.055974375 0.953125
vt 0.065476875 0.839859375
vt 0.075571875 0.839859375
vt 0.07556 0.847301875
vt 0.065465 0.847301875
vt 0.111215625 0.839859375
vt 0.111215625 0.847301875
vt 0.06543 0.847301875
vt 0.06543 0.839859375
vt 0.238908125 0.858398125
vt 0.210143125 0.858398125
vt 0.210143125 0.842773125
vt 0.238908125 0.842773125
vt 0.127789375 0.862186875
vt 0.11739625 0.862186875
vt 0.11739625 0.854744375
vt 0.127789375 0.854744375
vt 0.1070025 0.862186875
vt 0.096609375 0.862186875
vt 0.096609375 0.854744375
vt 0.1070025 0.854744375
vt 0.08621625 0.862186875
vt 0.075823125 0.862186875
vt 0.075823125 0.854744375
vt 0.08621625 0.854744375
vt 0.076720625 0.809288125
vt 0.08236625 0.809259375
vt 0.08236625 0.869543125
vt 0.076720625 0.869571875
vt 0.12602 0.854744375
vt 0.136114375 0.854744375
vt 0.1361025 0.862186875
vt 0.126008125 0.862186875
vt 0.10583125 0.854744375
vt 0.115925625 0.854744375
vt 0.11591375 0.862186875
vt 0.105819375 0.862186875
vt 0.0856425 0.854744375
vt 0.095736875 0.854744375
vt 0.095725 0.862186875
vt 0.085630625 0.862186875
vt 0.065453125 0.854744375
vt 0.075548125 0.854744375
vt 0.07553625 0.862186875
vt 0.06544125 0.862186875
vt 0.111215625 0.854744375
vt 0.111215625 0.862186875
vt 0.06543125 0.862186875
vt 0.065430625 0.854744375
vt 0.148575625 0.862186875
vt 0.1381825 0.862186875
vt 0.1381825 0.854744375
vt 0.148575625 0.854744375
vt 0.08621625 0.847301875
vt 0.096609375 0.847301875
vt 0.096609375 0.854744375
vt 0.08621625 0.854744375
vt 0.08621625 0.854744375
vt 0.096609375 0.854744375
vt 0.096609375 0.862186875
vt 0.08621625 0.862186875
vt 0.08621625 0.862186875
vt 0.096609375 0.862186875
vt 0.096609375 0.86962875
vt 0.08621625 0.86962875
vt 0.088013125 0.847291875
vt 0.088013125 0.851015
vt 0.06543125 0.851013125
vt 0.06543125 0.84729
vt 0.084931875 0.845425625
vt 0.085184375 0.845813125
vt 0.08330125 0.84765625
vt 0.083048125 0.84765625
vt 0.086080625 0.84765625
vt 0.085828125 0.84765625
vt 0.084063125 0.845295625
vt 0.08621625 0.839859375
vt 0.096609375 0.839859375
vt 0.096609375 0.847301875
vt 0.08621625 0.847301875
vt 0.0378 1
vt 0.0315 1
vt 0.0315 0.96875
vt 0.0378 0.96875
vt 0.167726875 0.953125
vt 0.13978875 0.953125
vt 0.1398225 0.9375
vt 0.16776125 0.9375
vt 0.12602 0.854744375
vt 0.115925625 0.854744375
vt 0.115938125 0.847301875
vt 0.1260325 0.847301875
vt 0.126008125 0.862186875
vt 0.11591375 0.862186875
vt 0.115925625 0.854744375
vt 0.12602 0.854744375
vt 0.125995625 0.86962875
vt 0.11590125 0.86962875
vt 0.11591375 0.862186875
vt 0.126008125 0.862186875
vt 0.082806875 0.86962875
vt 0.079910625 0.86962875
vt 0.08009375 0.839859375
vt 0.08299 0.839859375
vt 0.08601375 0.84765625
vt 0.085771875 0.84765625
vt 0.083766875 0.8458175
vt 0.08400875 0.845391875
vt 0.0834725 0.84765625
vt 0.083199375 0.84765625
vt 0.08481875 0.845251875
vt 0.1070025 0.847301875
vt 0.11739625 0.847301875
vt 0.11739625 0.854744375
vt 0.1070025 0.854744375
vt 0.1070025 0.854744375
vt 0.11739625 0.854744375
vt 0.11739625 0.862186875
vt 0.1070025 0.862186875
vt 0.1070025 0.862186875
vt 0.11739625 0.862186875
vt 0.11739625 0.86962875
vt 0.1070025 0.86962875
vt 0.088013125 0.8547375
vt 0.088013125 0.858460625
vt 0.065430625 0.858459375
vt 0.065430625 0.85473625
vt 0.0854375 0.846200625
vt 0.08569 0.846588125
vt 0.08380625 0.84765625
vt 0.08355375 0.84765625
vt 0.085575 0.84765625
vt 0.0853225 0.84765625
vt 0.084063125 0.845295625
vt 0.1070025 0.839859375
vt 0.11739625 0.839859375
vt 0.11739625 0.847301875
vt 0.1070025 0.847301875
vt 0.0252 1
vt 0.0189 1
vt 0.0189 0.96875
vt 0.0252 0.96875
vt 0.111850625 0.953125
vt 0.0839125 0.953125
vt 0.08394625 0.9375
vt 0.111884375 0.9375
vt 0.1118175 0.96875
vt 0.083879375 0.96875
vt 0.0839125 0.953125
vt 0.111850625 0.953125
vt 0.105819375 0.862186875
vt 0.095725 0.862186875
vt 0.095736875 0.854744375
vt 0.10583125 0.854744375
vt 0.105806875 0.86962875
vt 0.0957125 0.86962875
vt 0.095725 0.862186875
vt 0.105819375 0.862186875
vt 0.077014375 0.86962875
vt 0.074118125 0.86962875
vt 0.07430125 0.839859375
vt 0.0771975 0.839859375
vt 0.085530625 0.84765625
vt 0.08528875 0.84765625
vt 0.08328375 0.84667
vt 0.083525625 0.84624375
vt 0.084018125 0.84765625
vt 0.083745 0.84765625
vt 0.08481875 0.845251875
vt 0.127789375 0.847301875
vt 0.1381825 0.847301875
vt 0.1381825 0.854744375
vt 0.127789375 0.854744375
vt 0.127789375 0.854744375
vt 0.1381825 0.854744375
vt 0.1381825 0.862186875
vt 0.127789375 0.862186875
vt 0.127789375 0.862186875
vt 0.1381825 0.862186875
vt 0.1381825 0.86962875
vt 0.127789375 0.86962875
vt 0.088013125 0.862183125
vt 0.088013125 0.86590625
vt 0.06543 0.865905625
vt 0.06543 0.8621825
vt 0.0859425 0.846975625
vt 0.086195 0.84736375
vt 0.08431125 0.84765625
vt 0.08405875 0.84765625
vt 0.085069375 0.84765625
vt 0.084816875 0.84765625
vt 0.084063125 0.845295625
vt 0.172589375 0.9375
vt 0.20135375 0.9375
vt 0.20135375 0.953125
vt 0.172589375 0.953125
vt 0.0126 1
vt 0.0063 1
vt 0.0063 0.96875
vt 0.0126 0.96875
vt 0.055974375 0.953125
vt 0.02803625 0.953125
vt 0.028069375 0.9375
vt 0.056008125 0.9375
vt 0.0856425 0.854744375
vt 0.075548125 0.854744375
vt 0.07556 0.847301875
vt 0.085654375 0.847301875
vt 0.085630625 0.862186875
vt 0.07553625 0.862186875
vt 0.075548125 0.854744375
vt 0.0856425 0.854744375
vt 0.085618125 0.86962875
vt 0.07552375 0.86962875
vt 0.07553625 0.862186875
vt 0.085630625 0.862186875
vt 0.071221875 0.86962875
vt 0.068325625 0.86962875
vt 0.06850875 0.839859375
vt 0.071405 0.839859375
vt 0.0850475 0.84765625
vt 0.084805625 0.84765625
vt 0.082800625 0.8475225
vt 0.0830425 0.84709625
vt 0.084564375 0.84765625
vt 0.08429125 0.84765625
vt 0.08481875 0.845251875
vt 0.06543 0.847301875
vt 0.075823125 0.847301875
vt 0.075823125 0.854744375
vt 0.06543 0.854744375
vt 0.06543 0.854744375
vt 0.075823125 0.854744375
vt 0.075823125 0.862186875
vt 0.06543 0.862186875
vt 0.06543 0.862186875
vt 0.075823125 0.862186875
vt 0.075823125 0.86962875
vt 0.06543 0.86962875
vt 0.088013125 0.839846875
vt 0.088013125 0.843569375
vt 0.065431875 0.843566875
vt 0.065431875 0.83984375
vt 0.084426875 0.844650625
vt 0.084679375 0.845038125
vt 0.082795625 0.84765625
vt 0.082543125 0.84765625
vt 0.08658625 0.8471443750000001
vt 0.08633375 0.847635625
vt 0.084063125 0.845295625
vt 0 0.9375
vt 0.028765 0.9375
vt 0.028765 0.953125
vt 0 0.953125
vt 0.0504 1
vt 0.0441 1
vt 0.0441 0.96875
vt 0.0504 0.96875
vt 0.146221875 0.847301875
vt 0.136126875 0.847301875
vt 0.136139375 0.839859375
vt 0.14623375 0.839859375
vt 0.146209375 0.854744375
vt 0.136114375 0.854744375
vt 0.136126875 0.847301875
vt 0.146221875 0.847301875
vt 0.146196875 0.862186875
vt 0.1361025 0.862186875
vt 0.136114375 0.854744375
vt 0.146209375 0.854744375
vt 0.146184375 0.86962875
vt 0.13609 0.86962875
vt 0.1361025 0.862186875
vt 0.146196875 0.862186875
vt 0.088599375 0.86962875
vt 0.085703125 0.86962875
vt 0.08588625 0.839859375
vt 0.088781875 0.839859375
vt 0.086496875 0.84765625
vt 0.086255 0.84765625
vt 0.08425 0.8449656249999999
vt 0.084491875 0.844539375
vt 0.08292625 0.84765625
vt 0.082653125 0.84765625
vt 0.08481875 0.845251875
vt 0.0546875 0.86084
vt 0.0859375 0.86084
vt 0.0859375 0.89209
vt 0.0546875 0.89209
vt 0.0546875 0.76709
vt 0.0859375 0.76709
vt 0.0859375 0.82959
vt 0.0546875 0.82959
vt 0.0546875 0.76709
vt 0.09375 0.76709
vt 0.09375 0.82959
vt 0.0546875 0.82959
vt 0.1171875 0.89209
vt 0.0859375 0.89209
vt 0.0859375 0.846820625
vt 0.1171875 0.82959
vt 0.86097 0.54476
vt 0.858219375 0.552409375
vt 0.8573025 0.551771875
vt 0.85913625 0.547309375
vt 0.8573025 0.551771875
vt 0.8573025 0.55559625
vt 0.85546875 0.552409375
vt 0.0546875 0.82959
vt 0.0859375 0.82959
vt 0.0859375 0.86084
vt 0.0546875 0.86084
vt 0.083554375 0.84765625
vt 0.08457 0.84765625
vt 0.085579375 0.84765625
vt 0.084564375 0.84765625
vt 0.082544375 0.84765625
vt 0.08356 0.84618375
vt 0.08457 0.84765625
vt 0.083554375 0.84765625
vt 0.08203125 0.84487625
vt 0.08203125 0.843215
vt 0.08348625 0.84631375
vt 0.082544375 0.84765625
vt 0 0.90625
vt 0.03125 0.90625
vt 0.03125 0.9375
vt 0 0.9375
vt 0 0.875
vt 0.03125 0.875
vt 0.03125 0.90625
vt 0 0.90625
vt 0 0.875
vt 0.03125 0.875
vt 0.03125 0.9375
vt 0 0.9375
vt 0.126220625 0.84765625
vt 0.126220625 0.84765625
vt 0.092531875 0.82369
vt 0.093709375 0.821613125
vt 1.6875 0.625
vt 1.7265625 0.625
vt 1.7265625 0.875
vt 1.6875 0.875
vt 0.2749025 0.78378
vt 0.26732375 0.78378
vt 0.26732375 0.87744125
vt 0.2749025 0.87744125
vt 0.129394375 0.77441375
vt 0.136973125 0.77441375
vt 0.136973125 0.779096875
vt 0.129394375 0.779096875
vt 0.1469725 0.765136875
vt 0.158264375 0.765136875
vt 0.158264375 0.806640625
vt 0.1469725 0.806640625
vt 0.750976875 0.16064437499999995
vt 0.748840625 0.16064437499999995
vt 0.748840625 0.142578125
vt 0.750976875 0.142578125
vt 0.7563475 0.256835625
vt 0.7528075 0.256835625
vt 0.7528075 0.142578125
vt 0.7563475 0.142578125
vt 0.8573025 0.551771875
vt 0.85913625 0.551134375
vt 0.8573025 0.55559625
vt 0.85913625 0.55878375
vt 0.8573025 0.55942125
vt 0.858219375 0.5562337500000001
vt 0.86097 0.5562337500000001
vt 0.093709375 0.821613125
vt 0.126220625 0.77495125
vt 0.12330125 0.77495125
vt 0.08563 0.809216875
vt 0.259745 0.78378
vt 0.259745 0.87744125
vt 0.244588125 0.87744125
vt 0.244588125 0.78378
vt 1.765625 0.625
vt 1.765625 0.875
vt 1.84375 0.875
vt 1.84375 0.625
vt 0.746704375 0.16064437499999995
vt 0.746704375 0.142578125
vt 0.742431875 0.142578125
vt 0.742431875 0.16064437499999995
vt 0.08203125 0.84765625
vt 0.08429125 0.83823
vt 0.08203125 0.82583375
vt 0.08203125 0.84765625
vt 0.126220625 0.84765625
vt 0.091355 0.8257675
vt 0.089000625 0.8299212499999999
vt 0.126220625 0.84765625
vt 0.063965 0.79296875
vt 0.05400375 0.79296875
vt 0.05400375 0.977050625
vt 0.063965 0.977050625
vt 0.68436125 0.6484375
vt 0.68436125 0.56640625
vt 0.67515375 0.56640625
vt 0.67515375 0.6484375
vt 0.0864475 0.84765625
vt 0.08833125 0.844428125
vt 0.08203125 0.832031875
vt 0.08203125 0.835355
vt 0.144551875 0.77441375
vt 0.144551875 0.779096875
vt 0.15970875 0.779096875
vt 0.15970875 0.77441375
vt 0.063965 0.79296875
vt 0.05400375 0.79296875
vt 0.05400375 0.977050625
vt 0.063965 0.977050625
vt 0.049805 0.8642575
vt 0.128418125 0.8642575
vt 0.128418125 0.734375
vt 0.049805 0.734375
vt 0.169555625 0.765136875
vt 0.169555625 0.806640625
vt 0.19213875 0.806640625
vt 0.19213875 0.765136875
vt 0.082408125 0.841553125
vt 0.0844275 0.844651875
vt 0.08631125 0.84132875
vt 0.08429125 0.83823
vt 0.14746125 0.931640625
vt 0.14746125 0.95849625
vt 0.1938475 0.95849625
vt 0.1938475 0.931640625
vt 0.7492675 0.256835625
vt 0.7492675 0.142578125
vt 0.7421875 0.142578125
vt 0.7421875 0.256835625
vt 0.4951175 0.14062437500000002
vt 0.4951175 0.25537125000000005
vt 0.515625 0.25537125000000005
vt 0.515625 0.14062437500000002
vt 0.082408125 0.841553125
vt 0.0844275 0.844651875
vt 0.08631125 0.84132875
vt 0.08429125 0.83823
vt 0.084564375 0.84765625
vt 0.0864475 0.84765625
vt 0.08203125 0.804364375
vt 0.08203125 0.807688125
vt 0.0625 0.875
vt 0.0625 0.9375
vt 0.125 0.9375
vt 0.125 0.875
vt 0.08203125 0.7977181250000001
vt 0.08203125 0.80104125
vt 0.08833125 0.844428125
vt 0.090215 0.841104375
vt 0.08732125 0.842878125
vt 0.0854375 0.846201875
vt 0.0864475 0.84765625
vt 0.08833125 0.844428125
vt 0.085505625 0.84765625
vt 0.08203125 0.8060262499999999
vt 0.08203125 0.807688125
vt 0.084564375 0.84765625
vt 0.0625 0.90625
vt 0.125 0.90625
vt 0.125 0.875
vt 0.0625 0.875
vt 0.08203125 0.799379375
vt 0.089273125 0.8427662499999999
vt 0.090215 0.841104375
vt 0.08203125 0.7977181250000001
vt 0.088195 0.838005625
vt 0.086175 0.83490625
vt 0.08429125 0.83823
vt 0.08631125 0.84132875
vt 0.125 0.90625
vt 0.1875 0.90625
vt 0.1875 0.875
vt 0.125 0.875
vt 0.1875 0.9375
vt 0.1875 0.875
vt 0.125 0.875
vt 0.125 0.9375
vt 0.08664625 0.834075625
vt 0.126220625 0.84765625
vt 0.126220625 0.84765625
vt 0.089000625 0.8299212499999999
vt 1.921875 0.875
vt 1.921875 0.625
vt 1.84375 0.625
vt 1.84375 0.875
vt 0.22943125 0.87744125
vt 0.22943125 0.78378
vt 0.244588125 0.78378
vt 0.244588125 0.87744125
vt 0.174865625 0.779096875
vt 0.174865625 0.77441375
vt 0.15970875 0.77441375
vt 0.15970875 0.779096875
vt 0.214721875 0.806640625
vt 0.214721875 0.765136875
vt 0.19213875 0.765136875
vt 0.19213875 0.806640625
vt 0.738159375 0.142578125
vt 0.738159375 0.16064437499999995
vt 0.742431875 0.16064437499999995
vt 0.742431875 0.142578125
vt 0.7351075 0.142578125
vt 0.7351075 0.256835625
vt 0.7421875 0.256835625
vt 0.7421875 0.142578125
vt 0.665945625 0.56640625
vt 0.665945625 0.6484375
vt 0.67515375 0.6484375
vt 0.67515375 0.56640625
vt 0.088195 0.838005625
vt 0.086175 0.83490625
vt 0.08429125 0.83823
vt 0.08631125 0.84132875
vt 0.089205 0.839555
vt 0.08732125 0.842878125
vt 0.08833125 0.844428125
vt 0.090215 0.841104375
vt 0.08203125 0.843215
vt 0.08348625 0.84631375
vt 0.0844275 0.844651875
vt 0.082408125 0.841553125
vt 0.08449625 0.84765625
vt 0.085505625 0.84765625
vt 0.0864475 0.84765625
vt 0.0854375 0.846201875
vt 0.08203125 0.843215
vt 0.08348625 0.84631375
vt 0.0844275 0.844651875
vt 0.082408125 0.841553125
vt 0.688965 0.6484375
vt 0.688965 0.56640625
vt 0.68436125 0.56640625
vt 0.68436125 0.6484375
vt 0.7528075 0.256835625
vt 0.7528075 0.142578125
vt 0.7492675 0.142578125
vt 0.7492675 0.256835625
vt 0.748840625 0.16064437499999995
vt 0.748840625 0.142578125
vt 0.746704375 0.142578125
vt 0.746704375 0.16064437499999995
vt 0.158264375 0.765136875
vt 0.158264375 0.806640625
vt 0.169555625 0.806640625
vt 0.169555625 0.765136875
vt 0.136973125 0.77441375
vt 0.136973125 0.779096875
vt 0.144551875 0.779096875
vt 0.144551875 0.77441375
vt 0.26732375 0.78378
vt 0.26732375 0.87744125
vt 0.259745 0.87744125
vt 0.259745 0.78378
vt 1.7265625 0.625
vt 1.7265625 0.875
vt 1.765625 0.875
vt 1.765625 0.625
vt 0.126220625 0.84765625
vt 0.092531875 0.82369
vt 0.091355 0.8257675
vt 0.126220625 0.84765625
vt 0.03125 0.875
vt 0.03125 0.9375
vt 0.0625 0.9375
vt 0.0625 0.875
vt 0.03125 0.875
vt 0.03125 0.90625
vt 0.0625 0.90625
vt 0.0625 0.875
vt 0.086175 0.83490625
vt 0.088195 0.838005625
vt 0.09007875 0.834681875
vt 0.08805875 0.831583125
vt 0.1875 0.90625
vt 0.25 0.90625
vt 0.25 0.875
vt 0.1875 0.875
vt 0.1875 0.875
vt 0.1875 0.9375
vt 0.25 0.9375
vt 0.25 0.875
vt 0.126220625 0.84765625
vt 0.08664625 0.834075625
vt 0.08429125 0.83823
vt 0.124689375 0.84765625
vt 1.921875 0.625
vt 1.921875 0.875
vt 2 0.875
vt 2 0.625
vt 0.22943125 0.78378
vt 0.22943125 0.87744125
vt 0.214274375 0.87744125
vt 0.214274375 0.78378
vt 0.174865625 0.77441375
vt 0.174865625 0.779096875
vt 0.1900225 0.779096875
vt 0.1900225 0.77441375
vt 0.214721875 0.765136875
vt 0.214721875 0.806640625
vt 0.237305 0.806640625
vt 0.237305 0.765136875
vt 0.738159375 0.16064437499999995
vt 0.738159375 0.142578125
vt 0.733886875 0.142578125
vt 0.733886875 0.16064437499999995
vt 0.7351075 0.256835625
vt 0.7351075 0.142578125
vt 0.7280275 0.142578125
vt 0.7280275 0.256835625
vt 0.665945625 0.6484375
vt 0.665945625 0.56640625
vt 0.656738125 0.56640625
vt 0.656738125 0.6484375
vt 0.086175 0.83490625
vt 0.088195 0.838005625
vt 0.09007875 0.834681875
vt 0.08805875 0.831583125
vt 0.09108875 0.836231875
vt 0.089205 0.839555
vt 0.090215 0.841104375
vt 0.092098125 0.83778125
vt 0.089273125 0.8427662499999999
vt 0.08203125 0.799379375
vt 0.08203125 0.80104125
vt 0.08833125 0.844428125
vt 0.089205 0.839555
vt 0.09108875 0.836231875
vt 0.09007875 0.834681875
vt 0.088195 0.838005625
vt 0.08732125 0.842878125
vt 0.089205 0.839555
vt 0.088195 0.838005625
vt 0.08631125 0.84132875
vt 0.0854375 0.846201875
vt 0.08732125 0.842878125
vt 0.08631125 0.84132875
vt 0.0844275 0.844651875
vt 0.08348625 0.84631375
vt 0.08449625 0.84765625
vt 0.0854375 0.846201875
vt 0.0844275 0.844651875
vt 0.08203125 0.8060262499999999
vt 0.085505625 0.84765625
vt 0.0864475 0.84765625
vt 0.08203125 0.804364375
vt 0.03125 0.90625
vt 0.03125 0.9375
vt 0.0625 0.9375
vt 0.0625 0.90625
vt 0.125 0.90625
vt 0.0625 0.90625
vt 0.0625 0.9375
vt 0.125 0.9375
vt 0.1875 0.90625
vt 0.125 0.90625
vt 0.125 0.9375
vt 0.1875 0.9375
vt 0.25 0.90625
vt 0.1875 0.90625
vt 0.1875 0.9375
vt 0.25 0.9375
vt 0.66015625 0.47753875
vt 0.68505875 0.47753875
vt 0.68505875 0.45361312499999995
vt 0.66015625 0.45361312499999995
vt 0.01416 0.954040625
vt 0.113769375 0.954040625
vt 0.113769375 0.93103
vt 0.01416 0.93103
vt 0.083554375 0.84765625
vt 0.084071875 0.84765625
vt 0.0830625 0.84706125
vt 0.082544375 0.84765625
vt 0.08732125 0.842878125
vt 0.087839375 0.841964375
vt 0.086829375 0.840415
vt 0.08631125 0.84132875
vt 0.0854375 0.846201875
vt 0.086644375 0.8440725
vt 0.085634375 0.842523125
vt 0.0844275 0.844651875
vt 0.083554375 0.84765625
vt 0.084760625 0.84739625
vt 0.083750625 0.84584625
vt 0.082544375 0.84765625
vt 0.083554375 0.84765625
vt 0.08482875 0.84727625
vt 0.08381875 0.845726875
vt 0.082544375 0.84765625
vt 0.08356 0.84618375
vt 0.08457 0.84765625
vt 0.085585 0.84594125
vt 0.084575 0.844391875
vt 0.083554375 0.84765625
vt 0.085073125 0.846845
vt 0.084063125 0.845295625
vt 0.082544375 0.84765625
vt 0.0854375 0.846201875
vt 0.086956875 0.843521875
vt 0.085946875 0.8419725
vt 0.0844275 0.844651875
vt 0.0854375 0.846201875
vt 0.086711875 0.843953125
vt 0.0857025 0.84240375
vt 0.0844275 0.844651875
vt 0.0854375 0.846201875
vt 0.08746875 0.8426175
vt 0.08645875 0.841068125
vt 0.0844275 0.844651875
vt 0.8573025 0.55559625
vt 0.85546875 0.552409375
vt 0.85546875 0.56005875
vt 0.85546875 0.5584781249999999
vt 0.85546875 0.56005875
vt 0.86097 0.56005875
vt 0.86097 0.5569999999999999
vt 0.873535 0.6743224999999999
vt 0.87017625 0.68652375
vt 0.8814775 0.682696875
vt 0.883391875 0.67387375
vt 0.86097 0.55938625
vt 0.86097 0.56005875
vt 0.86647125 0.56005875
vt 0.86647125 0.5584781249999999
vt 0.864876875 0.6745068750000001
vt 0.86487625 0.6884575
vt 0.870378125 0.686193125
vt 0.870865625 0.67456625
vt 0.86647125 0.56005875
vt 0.8719725 0.56005875
vt 0.8719725 0.55938625
vt 0.86647125 0.5563631250000001
vt 0.86647125 0.5510349999999999
vt 0.86097 0.55380625
vt 0.86097 0.56005875
vt 0.86097 0.54698875
vt 0.86097 0.5532406249999999
vt 0.86647125 0.552316875
vt 0.86647125 0.54698875
vt 0.86097 0.5540425
vt 0.86097 0.550218125
vt 0.85546875 0.55473
vt 0.85546875 0.56005875
vt 0.85546875 0.5479125
vt 0.85546875 0.5532406249999999
vt 0.86097 0.551736875
vt 0.86097 0.5479125
vt 0.8573025 0.55942125
vt 0.858219375 0.5562337500000001
vt 0.85546875 0.5562337500000001
vt 0.85546875 0.56005875
vt 0.01416 0.93103
vt 0.01416 0.977050625
vt 0.113769375 0.977050625
vt 0.113769375 0.93103
vt 0.01416 0.93103
vt 0.01416 0.977050625
vt 0.05151375 0.977050625
vt 0.05151375 0.93103
vt 0.867846875 0.55278
vt 0.86647125 0.545716875
vt 0.86647125 0.56005875
vt 0 0.875118125
vt 0.003843125 0.9375
vt 0.127236875 0.9375
vt 0.127030625 0.8752925
vt 0.0625 0.915429375
vt 0.0625 0.97793125
vt 0.12622625 1
vt 0.12622625 0.937498125
vt 0.00024375 0.87500625
vt 0 0.9375
vt 0.102555625 0.9375
vt 0.109075625 0.875426875
vt 0.668591875 0.47753875
vt 0.672046875 0.47673
vt 0.665136875 0.45361312499999995
vt 0.672046875 0.45361312499999995
vt 0.665136875 0.45361312499999995
vt 0.672046875 0.47673
vt 0.860883125 0.56005875
vt 0.860883125 0.546209375
vt 0.856514375 0.5457525
vt 0.85546875 0.55885125
vt 0.866453125 0.559496875
vt 0.866453125 0.54532375
vt 0.86097 0.545345
vt 0.861946875 0.561035
vt 0.01416 0.93103
vt 0.02798125 0.954040625
vt 0.041801875 0.93103
vt 0.858219375 0.56005875
vt 0.858219375 0.555120625
vt 0.85546875 0.5569999999999999
vt 0.85546875 0.56005875
vt 0.858219375 0.552409375
vt 0.8573025 0.551771875
vt 0.85546875 0.5562337500000001
vt 0.85546875 0.56005875
vt 0.0189 1
vt 0.0189 0.96875
vt 0.0126 0.96875
vt 0.0126 1
vt 0.08746875 0.8426175
vt 0.0854375 0.846201875
vt 0.0864475 0.84765625
vt 0.08847875 0.8441675
vt 0.086711875 0.843953125
vt 0.0854375 0.846201875
vt 0.0864475 0.84765625
vt 0.087721875 0.8455025
vt 0.086644375 0.8440725
vt 0.0854375 0.846201875
vt 0.0864475 0.84765625
vt 0.087654375 0.8456224999999999
vt 0.087839375 0.841964375
vt 0.08732125 0.842878125
vt 0.08833125 0.844428125
vt 0.088849375 0.8435137500000001
vt 0.68505875 0.47753875
vt 0.66015625 0.47753875
vt 0.66015625 0.501465
vt 0.68505875 0.501465
vt 0.668591875 0.47753875
vt 0.672046875 0.501465
vt 0.672046875 0.47673
vt 0.08457 0.84765625
vt 0.085579375 0.84765625
vt 0.086595 0.84749125
vt 0.085585 0.84594125
vt 0.08482875 0.84727625
vt 0.083554375 0.84765625
vt 0.084564375 0.84765625
vt 0.08583875 0.84765625
vt 0.084760625 0.84739625
vt 0.083554375 0.84765625
vt 0.084564375 0.84765625
vt 0.085770625 0.84765625
vt 0.084071875 0.84765625
vt 0.083554375 0.84765625
vt 0.084564375 0.84765625
vt 0.085081875 0.84765625
vt 0.113769375 0.954040625
vt 0.01416 0.954040625
vt 0.01416 0.977050625
vt 0.113769375 0.977050625
vt 0.01416 0.977050625
vt 0.02798125 0.954040625
vt 0.01416 0.93103
vt 0.083418125 0.8431025
vt 0.08203125 0.846425625
vt 0.084564375 0.84765625
vt 0.0864475 0.84765625
vt 0.084564375 0.84765625
vt 0.0864475 0.84765625
vt 0.083418125 0.8431025
vt 0.08203125 0.846425625
vt 0.08669625 0.8473125
vt 0.08467625 0.84421375
vt 0.0851775 0.84765625
vt 0.082653125 0.84765625
vt 0.08481875 0.845251875
vt 0.08238 0.847385625
vt 0.0864475 0.84765625
vt 0.08481875 0.845251875
vt 0.084564375 0.84765625
vt 0.0822775 0.847566875
vt 0.083906875 0.84765625
vt 0.08416125 0.844243125
vt 0.008843125 0.999575
vt 0.05040125 0.9375025
vt 0 1
vt 0.082544375 0.84765625
vt 0.084564375 0.84765625
vt 0.084063125 0.845295625
vt 0.084564375 0.84765625
vt 0.0864475 0.84765625
vt 0.0844275 0.844651875
vt 0.082544375 0.84765625
vt 0.08569 0.846588125
vt 0.08380625 0.84765625
vt 0.08405875 0.84765625
vt 0.0859425 0.846975625
vt 0.084410625 0.8446256249999999
vt 0.08254375 0.84765625
vt 0.084564375 0.84765625
vt 0.08643125 0.84765625
vt 0.08528875 0.84765625
vt 0.08328375 0.84667
vt 0.0830425 0.84709625
vt 0.0850475 0.84765625
vt 0.06543 0.86962875
vt 0.088011875 0.86962875
vt 0.088011875 0.839859375
vt 0.06543 0.839859375
vt 0.088013125 0.858460625
vt 0.065430625 0.858459375
vt 0.06543 0.8621825
vt 0.088013125 0.862183125
vt 0.08801125 0.839605625
vt 0.06543 0.83985
vt 0.06543 0.86962875
vt 0.08801125 0.869385
vt 0.074118125 0.86962875
vt 0.07430125 0.839859375
vt 0.071405 0.839859375
vt 0.071221875 0.86962875
vt 0.111215625 0.847301875
vt 0.06543 0.847301875
vt 0.065430625 0.854744375
vt 0.111215625 0.854744375
vt 0.11739625 0.847301875
vt 0.11739625 0.854744375
vt 0.127789375 0.854744375
vt 0.127789375 0.847301875
vt 0.071075 0.8093168749999999
vt 0.071075 0.8696
vt 0.076720625 0.869571875
vt 0.076720625 0.809288125
vt 0.095736875 0.854744375
vt 0.09574875 0.847301875
vt 0.085654375 0.847301875
vt 0.0856425 0.854744375
vt 0.096609375 0.847301875
vt 0.096609375 0.854744375
vt 0.1070025 0.854744375
vt 0.1070025 0.847301875
vt 0.088013125 0.851015
vt 0.06543125 0.851013125
vt 0.065430625 0.85473625
vt 0.088013125 0.8547375
vt 0.085184375 0.845813125
vt 0.08330125 0.84765625
vt 0.08355375 0.84765625
vt 0.0854375 0.846200625
vt 0.085828125 0.84765625
vt 0.084063125 0.845295625
vt 0.085575 0.84765625
vt 0.0315 1
vt 0.0315 0.96875
vt 0.0252 0.96875
vt 0.0252 1
vt 0.1868175 0.841796875
vt 0.186836875 0.822265625
vt 0.171184375 0.822265625
vt 0.171165625 0.841796875
vt 0.079910625 0.86962875
vt 0.08009375 0.839859375
vt 0.0771975 0.839859375
vt 0.077014375 0.86962875
vt 0.085771875 0.84765625
vt 0.083766875 0.8458175
vt 0.083525625 0.84624375
vt 0.085530625 0.84765625
vt 0.083745 0.84765625
vt 0.08481875 0.845251875
vt 0.0834725 0.84765625
vt 0.075823125 0.847301875
vt 0.075823125 0.854744375
vt 0.08621625 0.854744375
vt 0.08621625 0.847301875
vt 0.088013125 0.843569375
vt 0.065431875 0.843566875
vt 0.06543125 0.84729
vt 0.088013125 0.847291875
vt 0.084679375 0.845038125
vt 0.082795625 0.84765625
vt 0.083048125 0.84765625
vt 0.084931875 0.845425625
vt 0.08633375 0.847635625
vt 0.084063125 0.845295625
vt 0.086080625 0.84765625
vt 0.0441 1
vt 0.0441 0.96875
vt 0.0378 0.96875
vt 0.0378 1
vt 0.136114375 0.854744375
vt 0.136126875 0.847301875
vt 0.1260325 0.847301875
vt 0.12602 0.854744375
vt 0.085703125 0.86962875
vt 0.08588625 0.839859375
vt 0.08299 0.839859375
vt 0.082806875 0.86962875
vt 0.086255 0.84765625
vt 0.08425 0.8449656249999999
vt 0.08400875 0.845391875
vt 0.08601375 0.84765625
vt 0.083199375 0.84765625
vt 0.08481875 0.845251875
vt 0.08292625 0.84765625
vt 0.11739625 0.862186875
vt 0.11739625 0.86962875
vt 0.127789375 0.86962875
vt 0.127789375 0.862186875
vt 0.111215625 0.862186875
vt 0.06543125 0.862186875
vt 0.065431875 0.86962875
vt 0.111215625 0.86962875
vt 0.0957125 0.86962875
vt 0.095725 0.862186875
vt 0.085630625 0.862186875
vt 0.085618125 0.86962875
vt 0.11590125 0.86962875
vt 0.11591375 0.862186875
vt 0.105819375 0.862186875
vt 0.105806875 0.86962875
vt 0.13609 0.86962875
vt 0.1361025 0.862186875
vt 0.126008125 0.862186875
vt 0.125995625 0.86962875
vt 0.08236625 0.809259375
vt 0.08236625 0.869543125
vt 0.088011875 0.8695143750000001
vt 0.088011875 0.8092312500000001
vt 0.075823125 0.862186875
vt 0.075823125 0.86962875
vt 0.08621625 0.86962875
vt 0.08621625 0.862186875
vt 0.096609375 0.862186875
vt 0.096609375 0.86962875
vt 0.1070025 0.86962875
vt 0.1070025 0.862186875
vt 0.1381825 0.847301875
vt 0.1381825 0.854744375
vt 0.148575625 0.854744375
vt 0.148575625 0.847301875
vt 0.0063 1
vt 0.0063 0.96875
vt 0 0.96875
vt 0 1
vt 0.075548125 0.854744375
vt 0.07556 0.847301875
vt 0.065465 0.847301875
vt 0.065453125 0.854744375
vt 0.07552375 0.86962875
vt 0.07553625 0.862186875
vt 0.06544125 0.862186875
vt 0.06543 0.86962875
vt 0.068325625 0.86962875
vt 0.06850875 0.839859375
vt 0.0656125 0.839859375
vt 0.06543 0.86962875
vt 0.084805625 0.84765625
vt 0.082800625 0.8475225
vt 0.082559375 0.84765625
vt 0.084564375 0.84765625
vt 0.08429125 0.84765625
vt 0.08481875 0.845251875
vt 0.084018125 0.84765625
vt 0.1381825 0.862186875
vt 0.1381825 0.86962875
vt 0.148575625 0.86962875
vt 0.148575625 0.862186875
vt 0.088013125 0.86590625
vt 0.06543 0.865905625
vt 0.06543 0.86962875
vt 0.088013125 0.86962875
vt 0.086195 0.84736375
vt 0.08431125 0.84765625
vt 0.084564375 0.84765625
vt 0.0864475 0.84765625
vt 0.0853225 0.84765625
vt 0.084063125 0.845295625
vt 0.085069375 0.84765625
vt 0.11739625 0.839859375
vt 0.11739625 0.847301875
vt 0.127789375 0.847301875
vt 0.127789375 0.839859375
vt 0.096609375 0.839859375
vt 0.096609375 0.847301875
vt 0.1070025 0.847301875
vt 0.1070025 0.839859375
vt 0.028765 0.9375
vt 0.028765 0.953125
vt 0.05753 0.953125
vt 0.05753 0.9375
vt 0.071075 0.8696
vt 0.071075 0.8093168749999999
vt 0.06543 0.809345625
vt 0.06543 0.86962875
vt 0.21814125 0.822265625
vt 0.21816 0.802734375
vt 0.202508125 0.802734375
vt 0.20248875 0.822265625
vt 0.13978875 0.953125
vt 0.1398225 0.9375
vt 0.111884375 0.9375
vt 0.111850625 0.953125
vt 0.0839125 0.953125
vt 0.08394625 0.9375
vt 0.056008125 0.9375
vt 0.055974375 0.953125
vt 0.07556 0.847301875
vt 0.075571875 0.839859375
vt 0.065476875 0.839859375
vt 0.065465 0.847301875
vt 0.06543 0.847301875
vt 0.111215625 0.847301875
vt 0.111215625 0.839859375
vt 0.06543 0.839859375
vt 0.210143125 0.842773125
vt 0.210143125 0.858398125
vt 0.238908125 0.858398125
vt 0.238908125 0.842773125
vt 0.11739625 0.854744375
vt 0.11739625 0.862186875
vt 0.127789375 0.862186875
vt 0.127789375 0.854744375
vt 0.096609375 0.854744375
vt 0.096609375 0.862186875
vt 0.1070025 0.862186875
vt 0.1070025 0.854744375
vt 0.075823125 0.854744375
vt 0.075823125 0.862186875
vt 0.08621625 0.862186875
vt 0.08621625 0.854744375
vt 0.08236625 0.869543125
vt 0.08236625 0.809259375
vt 0.076720625 0.809288125
vt 0.076720625 0.869571875
vt 0.1361025 0.862186875
vt 0.136114375 0.854744375
vt 0.12602 0.854744375
vt 0.126008125 0.862186875
vt 0.11591375 0.862186875
vt 0.115925625 0.854744375
vt 0.10583125 0.854744375
vt 0.105819375 0.862186875
vt 0.095725 0.862186875
vt 0.095736875 0.854744375
vt 0.0856425 0.854744375
vt 0.085630625 0.862186875
vt 0.07553625 0.862186875
vt 0.075548125 0.854744375
vt 0.065453125 0.854744375
vt 0.06544125 0.862186875
vt 0.06543125 0.862186875
vt 0.111215625 0.862186875
vt 0.111215625 0.854744375
vt 0.065430625 0.854744375
vt 0.1381825 0.854744375
vt 0.1381825 0.862186875
vt 0.148575625 0.862186875
vt 0.148575625 0.854744375
vt 0.096609375 0.854744375
vt 0.096609375 0.847301875
vt 0.08621625 0.847301875
vt 0.08621625 0.854744375
vt 0.096609375 0.862186875
vt 0.096609375 0.854744375
vt 0.08621625 0.854744375
vt 0.08621625 0.862186875
vt 0.096609375 0.86962875
vt 0.096609375 0.862186875
vt 0.08621625 0.862186875
vt 0.08621625 0.86962875
vt 0.06543125 0.851013125
vt 0.088013125 0.851015
vt 0.088013125 0.847291875
vt 0.06543125 0.84729
vt 0.08330125 0.84765625
vt 0.085184375 0.845813125
vt 0.084931875 0.845425625
vt 0.083048125 0.84765625
vt 0.085828125 0.84765625
vt 0.086080625 0.84765625
vt 0.084063125 0.845295625
vt 0.096609375 0.847301875
vt 0.096609375 0.839859375
vt 0.08621625 0.839859375
vt 0.08621625 0.847301875
vt 0.0315 0.96875
vt 0.0315 1
vt 0.0378 1
vt 0.0378 0.96875
vt 0.1398225 0.9375
vt 0.13978875 0.953125
vt 0.167726875 0.953125
vt 0.16776125 0.9375
vt 0.115938125 0.847301875
vt 0.115925625 0.854744375
vt 0.12602 0.854744375
vt 0.1260325 0.847301875
vt 0.115925625 0.854744375
vt 0.11591375 0.862186875
vt 0.126008125 0.862186875
vt 0.12602 0.854744375
vt 0.11591375 0.862186875
vt 0.11590125 0.86962875
vt 0.125995625 0.86962875
vt 0.126008125 0.862186875
vt 0.08009375 0.839859375
vt 0.079910625 0.86962875
vt 0.082806875 0.86962875
vt 0.08299 0.839859375
vt 0.083766875 0.8458175
vt 0.085771875 0.84765625
vt 0.08601375 0.84765625
vt 0.08400875 0.845391875
vt 0.083199375 0.84765625
vt 0.0834725 0.84765625
vt 0.08481875 0.845251875
vt 0.11739625 0.854744375
vt 0.11739625 0.847301875
vt 0.1070025 0.847301875
vt 0.1070025 0.854744375
vt 0.11739625 0.862186875
vt 0.11739625 0.854744375
vt 0.1070025 0.854744375
vt 0.1070025 0.862186875
vt 0.11739625 0.86962875
vt 0.11739625 0.862186875
vt 0.1070025 0.862186875
vt 0.1070025 0.86962875
vt 0.065430625 0.858459375
vt 0.088013125 0.858460625
vt 0.088013125 0.8547375
vt 0.065430625 0.85473625
vt 0.08380625 0.84765625
vt 0.08569 0.846588125
vt 0.0854375 0.846200625
vt 0.08355375 0.84765625
vt 0.0853225 0.84765625
vt 0.085575 0.84765625
vt 0.084063125 0.845295625
vt 0.11739625 0.847301875
vt 0.11739625 0.839859375
vt 0.1070025 0.839859375
vt 0.1070025 0.847301875
vt 0.0189 0.96875
vt 0.0189 1
vt 0.0252 1
vt 0.0252 0.96875
vt 0.08394625 0.9375
vt 0.0839125 0.953125
vt 0.111850625 0.953125
vt 0.111884375 0.9375
vt 0.1555325 0.822265625
vt 0.15551375 0.841796875
vt 0.171165625 0.841796875
vt 0.171184375 0.822265625
vt 0.095736875 0.854744375
vt 0.095725 0.862186875
vt 0.105819375 0.862186875
vt 0.10583125 0.854744375
vt 0.095725 0.862186875
vt 0.0957125 0.86962875
vt 0.105806875 0.86962875
vt 0.105819375 0.862186875
vt 0.07430125 0.839859375
vt 0.074118125 0.86962875
vt 0.077014375 0.86962875
vt 0.0771975 0.839859375
vt 0.08328375 0.84667
vt 0.08528875 0.84765625
vt 0.085530625 0.84765625
vt 0.083525625 0.84624375
vt 0.083745 0.84765625
vt 0.084018125 0.84765625
vt 0.08481875 0.845251875
vt 0.1381825 0.854744375
vt 0.1381825 0.847301875
vt 0.127789375 0.847301875
vt 0.127789375 0.854744375
vt 0.1381825 0.862186875
vt 0.1381825 0.854744375
vt 0.127789375 0.854744375
vt 0.127789375 0.862186875
vt 0.1381825 0.86962875
vt 0.1381825 0.862186875
vt 0.127789375 0.862186875
vt 0.127789375 0.86962875
vt 0.06543 0.865905625
vt 0.088013125 0.86590625
vt 0.088013125 0.862183125
vt 0.06543 0.8621825
vt 0.08431125 0.84765625
vt 0.086195 0.84736375
vt 0.0859425 0.846975625
vt 0.08405875 0.84765625
vt 0.084816875 0.84765625
vt 0.085069375 0.84765625
vt 0.084063125 0.845295625
vt 0.20135375 0.953125
vt 0.20135375 0.9375
vt 0.172589375 0.9375
vt 0.172589375 0.953125
vt 0.0063 0.96875
vt 0.0063 1
vt 0.0126 1
vt 0.0126 0.96875
vt 0.12424625 0.802734375
vt 0.124228125 0.822265625
vt 0.13988 0.822265625
vt 0.13989875 0.802734375
vt 0.07556 0.847301875
vt 0.075548125 0.854744375
vt 0.0856425 0.854744375
vt 0.085654375 0.847301875
vt 0.075548125 0.854744375
vt 0.07553625 0.862186875
vt 0.085630625 0.862186875
vt 0.0856425 0.854744375
vt 0.07553625 0.862186875
vt 0.07552375 0.86962875
vt 0.085618125 0.86962875
vt 0.085630625 0.862186875
vt 0.06850875 0.839859375
vt 0.068325625 0.86962875
vt 0.071221875 0.86962875
vt 0.071405 0.839859375
vt 0.082800625 0.8475225
vt 0.084805625 0.84765625
vt 0.0850475 0.84765625
vt 0.0830425 0.84709625
vt 0.08429125 0.84765625
vt 0.084564375 0.84765625
vt 0.08481875 0.845251875
vt 0.075823125 0.854744375
vt 0.075823125 0.847301875
vt 0.06543 0.847301875
vt 0.06543 0.854744375
vt 0.075823125 0.862186875
vt 0.075823125 0.854744375
vt 0.06543 0.854744375
vt 0.06543 0.862186875
vt 0.075823125 0.86962875
vt 0.075823125 0.862186875
vt 0.06543 0.862186875
vt 0.06543 0.86962875
vt 0.065431875 0.843566875
vt 0.088013125 0.843569375
vt 0.088013125 0.839846875
vt 0.065431875 0.83984375
vt 0.082795625 0.84765625
vt 0.084679375 0.845038125
vt 0.084426875 0.844650625
vt 0.082543125 0.84765625
vt 0.08633375 0.847635625
vt 0.08658625 0.8471443750000001
vt 0.084063125 0.845295625
vt 0.028765 0.953125
vt 0.028765 0.9375
vt 0 0.9375
vt 0 0.953125
vt 0.0441 0.96875
vt 0.0441 1
vt 0.0504 1
vt 0.0504 0.96875
vt 0.136139375 0.839859375
vt 0.136126875 0.847301875
vt 0.146221875 0.847301875
vt 0.14623375 0.839859375
vt 0.136126875 0.847301875
vt 0.136114375 0.854744375
vt 0.146209375 0.854744375
vt 0.146221875 0.847301875
vt 0.136114375 0.854744375
vt 0.1361025 0.862186875
vt 0.146196875 0.862186875
vt 0.146209375 0.854744375
vt 0.1361025 0.862186875
vt 0.13609 0.86962875
vt 0.146184375 0.86962875
vt 0.146196875 0.862186875
vt 0.08588625 0.839859375
vt 0.085703125 0.86962875
vt 0.088599375 0.86962875
vt 0.088781875 0.839859375
vt 0.08425 0.8449656249999999
vt 0.086255 0.84765625
vt 0.086496875 0.84765625
vt 0.084491875 0.844539375
vt 0.082653125 0.84765625
vt 0.08292625 0.84765625
vt 0.08481875 0.845251875
vt 0.0859375 0.89209
vt 0.0859375 0.86084
vt 0.0546875 0.86084
vt 0.0546875 0.89209
vt 0.0859375 0.82959
vt 0.0859375 0.76709
vt 0.0546875 0.76709
vt 0.0546875 0.82959
vt 0.09375 0.82959
vt 0.09375 0.76709
vt 0.0546875 0.76709
vt 0.0546875 0.82959
vt 0.0859375 0.846820625
vt 0.0859375 0.89209
vt 0.1171875 0.89209
vt 0.1171875 0.82959
vt 0.8573025 0.551771875
vt 0.858219375 0.552409375
vt 0.86097 0.54476
vt 0.85913625 0.547309375
vt 0.0859375 0.86084
vt 0.0859375 0.82959
vt 0.0546875 0.82959
vt 0.0546875 0.86084
vt 0.085579375 0.84765625
vt 0.08457 0.84765625
vt 0.083554375 0.84765625
vt 0.084564375 0.84765625
vt 0.08457 0.84765625
vt 0.08356 0.84618375
vt 0.082544375 0.84765625
vt 0.083554375 0.84765625
vt 0.08348625 0.84631375
vt 0.08203125 0.843215
vt 0.08203125 0.84487625
vt 0.082544375 0.84765625
vt 0.03125 0.9375
vt 0.03125 0.90625
vt 0 0.90625
vt 0 0.9375
vt 0.03125 0.90625
vt 0.03125 0.875
vt 0 0.875
vt 0 0.90625
vt 0.03125 0.9375
vt 0.03125 0.875
vt 0 0.875
vt 0 0.9375
vt 0.092531875 0.82369
vt 0.126220625 0.84765625
vt 0.126220625 0.84765625
vt 0.093709375 0.821613125
vt 1.7265625 0.875
vt 1.7265625 0.625
vt 1.6875 0.625
vt 1.6875 0.875
vt 0.26732375 0.87744125
vt 0.26732375 0.78378
vt 0.2749025 0.78378
vt 0.2749025 0.87744125
vt 0.136973125 0.779096875
vt 0.136973125 0.77441375
vt 0.129394375 0.77441375
vt 0.129394375 0.779096875
vt 0.158264375 0.806640625
vt 0.158264375 0.765136875
vt 0.1469725 0.765136875
vt 0.1469725 0.806640625
vt 0.748840625 0.142578125
vt 0.748840625 0.16064437499999995
vt 0.750976875 0.16064437499999995
vt 0.750976875 0.142578125
vt 0.7528075 0.142578125
vt 0.7528075 0.256835625
vt 0.7563475 0.256835625
vt 0.7563475 0.142578125
vt 0.85913625 0.551134375
vt 0.8573025 0.551771875
vt 0.8573025 0.55559625
vt 0.858219375 0.5562337500000001
vt 0.8573025 0.55942125
vt 0.85913625 0.55878375
vt 0.86097 0.5562337500000001
vt 0.143555 0.80004875
vt 0.143555 0.82702625
vt 0.097168125 0.82702625
vt 0.097168125 0.80004875
vt 0.176269375 0.810546875
vt 0.176269375 0.837158125
vt 0.119385 0.837158125
vt 0.119385 0.810546875
vt 0.684855 0.21854125000000002
vt 0.685631875 0.21854125000000002
vt 0.685631875 0.21974749999999998
vt 0.684855 0.21974749999999998
vt 0.078613125 0.7976075
vt 0.12255875 0.7976075
vt 0.12255875 0.835449375
vt 0.078613125 0.835449375
vt 0.18662125 0.794921875
vt 0.18662125 0.8117675
vt 0.154296875 0.8117675
vt 0.154296875 0.794921875
vt 0.235351875 0.802978125
vt 0.235351875 0.838256875
vt 0.089355625 0.838256875
vt 0.089355625 0.802978125
vt 0.18994125 0.80004875
vt 0.18994125 0.82702625
vt 0.143555 0.82702625
vt 0.143555 0.80004875
vt 0.172851875 0.75097625
vt 0.214355625 0.75097625
vt 0.214355625 0.78833
vt 0.172851875 0.78833
vt 0.119385 0.810546875
vt 0.119385 0.837158125
vt 0.0625 0.837158125
vt 0.0625 0.810546875
vt 0.68652125 0.21945187499999996
vt 0.687254375 0.21945187499999996
vt 0.687254375 0.22064249999999996
vt 0.68652125 0.22064249999999996
vt 0.218945625 0.794921875
vt 0.218945625 0.8117675
vt 0.18662125 0.8117675
vt 0.18662125 0.794921875
vt 0.16650375 0.835449375
vt 0.12255875 0.835449375
vt 0.12255875 0.7976075
vt 0.16650375 0.7976075
vt 0.16650375 0.7976075
vt 0.12255875 0.7976075
vt 0.12255875 0.759765625
vt 0.16650375 0.759765625
vt 0.221191875 0.807616875
vt 0.2224125 0.838866875
vt 0.098144375 0.83398375
vt 0.098144375 0.79785125
vt 0.687988125 0.22064249999999996
vt 0.687254375 0.22064249999999996
vt 0.687254375 0.21945187499999996
vt 0.687988125 0.21945187499999996
vt 0.687988125 0.21945187499999996
vt 0.687254375 0.21945187499999996
vt 0.687254375 0.21826124999999996
vt 0.687988125 0.21826124999999996
vt 0.8573025 0.55559625
vt 0.8573025 0.551771875
vt 0.85546875 0.552409375
vt 0.143555 0.74609375
vt 0.143555 0.80004875
vt 0.097168125 0.80004875
vt 0.097168125 0.74609375
vt 0.218945625 0.761230625
vt 0.218945625 0.794921875
vt 0.18662125 0.794921875
vt 0.18662125 0.761230625
vt 0.18662125 0.761230625
vt 0.18662125 0.794921875
vt 0.154296875 0.794921875
vt 0.154296875 0.761230625
vt 0.176269375 0.757324375
vt 0.176269375 0.810546875
vt 0.119385 0.810546875
vt 0.119385 0.757324375
vt 0.119385 0.757324375
vt 0.119385 0.810546875
vt 0.0625 0.810546875
vt 0.0625 0.757324375
vt 0.235351875 0.732421875
vt 0.235351875 0.802978125
vt 0.089355625 0.802978125
vt 0.089355625 0.732421875
vt 0.21875 0.745116875
vt 0.221191875 0.807616875
vt 0.098144375 0.79785125
vt 0.098144375 0.725585625
vt 0.18994125 0.74609375
vt 0.18994125 0.80004875
vt 0.143555 0.80004875
vt 0.143555 0.74609375
vt 0.685183125 0.221545
vt 0.685183125 0.220685625
vt 0.686003125 0.220685625
vt 0.686003125 0.221545
vt 0.686003125 0.221545
vt 0.686003125 0.220685625
vt 0.686823125 0.220685625
vt 0.686823125 0.221545
vt 0.685200625 0.22205874999999997
vt 0.685200625 0.22090687499999995
vt 0.687396875 0.22106250000000005
vt 0.68741875 0.22205874999999997
vt 0.685045 0.22216749999999996
vt 0.685045 0.221043125
vt 0.687625625 0.221043125
vt 0.687625625 0.22216749999999996
vt 0.684570625 0.22185624999999998
vt 0.684570625 0.221008125
vt 0.685575625 0.221008125
vt 0.685575625 0.22185624999999998
vt 0.685575625 0.22185624999999998
vt 0.685575625 0.221008125
vt 0.68658125 0.221008125
vt 0.68658125 0.22185624999999998
vt 0.686193125 0.22073624999999997
vt 0.686193125 0.22019875
vt 0.686764375 0.22019875
vt 0.686764375 0.22073624999999997
vt 0.686764375 0.22073624999999997
vt 0.686764375 0.22019875
vt 0.687335625 0.22019875
vt 0.687335625 0.22073624999999997
vt 0.125 0.125
vt 0.1640625 0.125
vt 0.1640625 0.2421875
vt 0.125 0.2421875
vt 0.125 0.125
vt 0.125 0.125
vt 0.125 0.2421875
vt 0.125 0.2421875
vt 0.1640625 0.125
vt 0.203125 0.125
vt 0.203125 0.2421875
vt 0.1640625 0.2421875
vt 0.1640625 0.125
vt 0.1640625 0.125
vt 0.1640625 0.2421875
vt 0.1640625 0.2421875
vt 0.1640625 0.2421875
vt 0.125 0.2421875
vt 0.125 0.2421875
vt 0.1640625 0.2421875
vt 0.203125 0.2421875
vt 0.1640625 0.2421875
vt 0.1640625 0.2421875
vt 0.203125 0.2421875
vt 0.125 0.1484375
vt 0.140625 0.1484375
vt 0.140625 0.2421875
vt 0.125 0.2421875
vt 0.125 0.1484375
vt 0.125 0.1484375
vt 0.125 0.2421875
vt 0.125 0.2421875
vt 0.140625 0.1484375
vt 0.15625 0.1484375
vt 0.15625 0.2421875
vt 0.140625 0.2421875
vt 0.140625 0.1484375
vt 0.140625 0.1484375
vt 0.140625 0.2421875
vt 0.140625 0.2421875
vt 0.140625 0.2421875
vt 0.125 0.2421875
vt 0.125 0.2421875
vt 0.140625 0.2421875
vt 0.15625 0.2421875
vt 0.140625 0.2421875
vt 0.140625 0.2421875
vt 0.15625 0.2421875
vt 0.1640625 0.125
vt 0.125 0.125
vt 0.125 0.2421875
vt 0.1640625 0.2421875
vt 0.1640625 0.125
vt 0.1640625 0.125
vt 0.1640625 0.2421875
vt 0.1640625 0.2421875
vt 0.203125 0.125
vt 0.1640625 0.125
vt 0.1640625 0.2421875
vt 0.203125 0.2421875
vt 0.125 0.125
vt 0.125 0.125
vt 0.125 0.2421875
vt 0.125 0.2421875
vt 0.125 0.2421875
vt 0.1640625 0.2421875
vt 0.1640625 0.2421875
vt 0.125 0.2421875
vt 0.1640625 0.2421875
vt 0.203125 0.2421875
vt 0.203125 0.2421875
vt 0.1640625 0.2421875
vt 0.140625 0.1484375
vt 0.125 0.1484375
vt 0.125 0.2421875
vt 0.140625 0.2421875
vt 0.140625 0.1484375
vt 0.140625 0.1484375
vt 0.140625 0.2421875
vt 0.140625 0.2421875
vt 0.15625 0.1484375
vt 0.140625 0.1484375
vt 0.140625 0.2421875
vt 0.15625 0.2421875
vt 0.125 0.1484375
vt 0.125 0.1484375
vt 0.125 0.2421875
vt 0.125 0.2421875
vt 0.125 0.2421875
vt 0.140625 0.2421875
vt 0.140625 0.2421875
vt 0.125 0.2421875
vt 0.140625 0.2421875
vt 0.15625 0.2421875
vt 0.15625 0.2421875
vt 0.140625 0.2421875
vn 1 0 0
vn -1 0 0
vn 0 1 0
vn 0 -1 0
vn 0 0 1
vn 0 0 -1
vn 1 0 0
vn -1 0 0
vn 0 1 0
vn 0 -1 0
vn 0 0 1
vn 0 0 -1
vn -1 0 0
vn 0 -1 0
vn 0 0 1
vn 0 0 -1
vn 1 0 0
vn 0 1 0
vn -1 0 0
vn 0 1 0
vn 1 0 0
vn 0 -1 0
vn -1 0 0
vn 1 0 0
vn 0 -0.7910529841125553 -0.6117476410470427
vn -0.32551293939651677 0 0.9455375858660721
vn 1 0 0
vn 0 0.06947458064781807 -0.9975837221225144
vn 1 0 0
vn 0 1 0
vn -1 0 0
vn 0 -1 0
vn 1 0 0
vn 0 1 0
vn -0.9561999555074315 0 0.2927142720941122
vn 0 -1 0
vn 0.9561999555074315 0 0.2927142720941122
vn 0.32551293939651677 0 0.9455375858660721
vn 0 -1 0
vn 0 -1 0
vn 0 1 0
vn 0 0 1
vn 0 -1 0
vn 0 -1 0
vn 0 -0.7910529841125553 -0.6117476410470427
vn 0 0 -1
vn 0.012139518243948514 0.07033235846214991 -0.9974497438216909
vn 0 1 0
vn 0 1 0
vn 0 1 0
vn -0.7071067811865483 0 0.7071067811865467
vn 0 1 0
vn 0 1 0
vn 0 1 0
vn 0 0.06947458064781807 -0.9975837221225144
vn 0 0 -1
vn 0 -0.7910529841125553 -0.6117476410470427
vn 0 -1 0
vn 0 -1 0
vn 0 0 1
vn 0 1 0
vn 0 -1 0
vn 0 -1 0
vn 0.7071067811865476 0 0.7071067811865476
vn 0 -1 0
vn 0 -1 0
vn 0 1 0
vn 0 0 1
vn 0 -1 0
vn 0 -1 0
vn 0 -0.7910529841125553 -0.6117476410470427
vn 0 0 -1
vn 0 0.07078252349172548 -0.9974917715791661
vn 0 1 0
vn 0 1 0
vn 0 1 0
vn 0.9052369440730292 0 0.4249071370138699
vn 0 1 0
vn 0 1 0
vn 0 1 0
vn 0 1 0
vn -0.9052369440730292 0 0.4249071370138699
vn 0 -1 0
vn 0 -1 0
vn 0 -1 0
vn 0 -1 0
vn 1 0 0
vn -1 0 0
vn -1 0 0
vn 1 0 0
vn 0.9561999555074315 0 0.2927142720941122
vn -0.9561999555074315 0 0.2927142720941122
vn -0.9052369440730291 0 0.4249071370138698
vn -0.7071067811865483 0 0.7071067811865467
vn -0.32551293939651677 0 0.9455375858660721
vn 0.32551293939651677 0 0.9455375858660721
vn 0.9052369440730291 0 0.4249071370138698
vn 0.7071067811865476 0 0.7071067811865476
vn -0.10024581572959128 0.8908574005978813 -0.44308449332908834
vn 0 0.6757270288463552 -0.7371519398919582
vn -0.15669341826889183 0.8224459869471259 -0.5468361465976607
vn 0 0.9384717026614086 -0.3453561398090339
vn -0.2913647776960566 0.6749192941924693 -0.6779310530170946
vn 0 0.9384717026614086 -0.3453561398090339
vn 0.2031504827426213 -0.496896143194456 -0.8436966897172911
vn -0.15572868937164433 0.8187941639896862 -0.5525619352823905
vn 0.5512813945814862 -0.5816424585222255 -0.5981478700392681
vn -0.07460903657047621 0.8831937638175638 -0.46303592432530616
vn 0 0.9177090632809474 -0.3972531625701755
vn -1 0 0
vn -1 0 0
vn -0.8767228156666939 0.26425375952577645 -0.40190428595121674
vn -0.9537820590665388 -0.2854264954674013 0.09397605805731109
vn -0.7284334329507592 0.19496163054525456 0.6567912121631253
vn -0.09975257601694411 -0.8212878570582747 0.5617256264642115
vn 1 0 0
vn 1 0 0
vn 0.06409381897963616 0.5095302613777901 -0.8580622909258316
vn 0.09975257601694398 0.8212878570582748 -0.5617256264642116
vn -1 0 0
vn 0.0000011732461268734242 0.6757258574802423 -0.7371530136486013
vn 0.7392562352001374 -0.6491213749477416 -0.1792809507551566
vn 0.002172771676907796 -0.0015510933090320674 0.9999964365800446
vn 0.7071067811865476 0 0.7071067811865476
vn 0.9052369440730291 0 0.4249071370138698
vn 0.9561999555074315 0 0.2927142720941122
vn 1 0 0
vn 1 0 0
vn 1 0 0
vn -0.7071067811865483 0 0.7071067811865467
vn -0.9052369440730291 0 0.4249071370138698
vn -0.9561999555074315 0 0.2927142720941122
vn -1 0 0
vn -1 0 0
vn -1 0 0
vn 0.7930312795923817 -0.025163513776255645 0.6086609788400289
vn -0.829496402852706 0 0.5585120568568073
vn 0.27006765689679574 0.5582571750804838 0.7844822414621205
vn 0 0.2607558320313204 0.9654047835295068
vn -0.27006765689679574 0.5582571750804838 0.7844822414621205
vn 0.11956167566746445 -0.93010158878939 0.34729820074834894
vn 0.005600428791502007 -0.7204781021263709 0.6934550739260145
vn -0.11337011666799507 -0.9373900125153354 0.32931319603560455
vn -0.9999986151237802 0 0.0016642567475952396
vn 0 -1 0
vn 0.9996724582106368 -0.025538235113943833 -0.0016657858108990913
vn 0 1 0
vn -0.019320334677106518 0.000954090601338589 -0.9998128896844094
vn -0.008068746282006796 -0.04196393414177581 -0.9990865445819904
vn 0.020598704429689682 0.004024981468389385 -0.9997797221888418
vn 0 0.04985791553235729 -0.9987563207603587
vn -0.998782369344427 0.04932258614046531 0.0010301374419624928
vn -1.2415854115964252e-7 -0.9999999983673467 -0.0000571427269833138
vn 0.9999951370285481 0.0029374778175658782 -0.0010474460972014939
vn 0 0.999999998367347 0.000057142857047399395
vn -1.2415854115964252e-7 -0.9999999983673467 -0.0000571427269833138
vn -0.008064832276623869 -0.05224167772922822 -0.9986019054600214
vn 0 -1 0
vn 0.005599871464697917 -0.7205445209567335 0.6933860647278761
vn 0.002172720209462048 -0.002515242844557167 0.9999944764049072
vn 0 0.999999998367347 0.000057142857047399395
vn 0 0.04985791553235729 -0.9987563207603587
vn 0 1 0
vn 0 0.2607558320313205 0.9654047835295069
vn -1.2415584867139145e-7 -0.9999999983673465 -0.0000571427293510078
vn -0.008060070135093715 -0.06250269511212145 -0.9980122486087727
vn 0 -1 0
vn 0.0055995916939288685 -0.7205778575415654 0.6933514230126514
vn 0.0021727139304310297 -0.0034794082294581506 0.9999915864808812
vn 0 0.999999998367347 0.000057142857047399395
vn 0 0.04985791553235731 -0.9987563207603588
vn 0 1 0
vn 0 0.2607558320313205 0.9654047835295068
vn -1.2415854114492522e-7 -0.9999999983673467 -0.000057142726976546754
vn -0.9987823495897726 0.049322585164927345 0.0010491618472930923
vn 0 0.999999998367347 0.00005714285705416644
vn 0 0.999999998367347 0.00005714285705416644
vn 0 0.999999998367347 0.00005714285705416644
vn 0.9999951370285481 0.002937477817565891 -0.0010474460972031655
vn -1.2415854114492522e-7 -0.9999999983673467 -0.000057142726976546754
vn -1.2415854114498027e-7 -0.9999999983673467 -0.000057142726976546726
vn -1.2415854115964252e-7 -0.9999999983673467 -0.0000571427269833138
vn 0.0021727739164080604 -0.0005869172011235611 0.9999974672876463
vn 0 0.999999998367347 0.000057142857047399395
vn 0 0.999999998367347 0.00005714285705416644
vn 0 0.0498579155323573 -0.9987563207603588
vn 0 1 0
vn 0 0.26075583203132047 0.9654047835295069
vn -1.2415584351844976e-7 -0.9999999983673467 -0.00005714272697937283
vn -0.008071808311829578 -0.03167300554970795 -0.9994656905717302
vn 0 -1 0
vn 0.005600151250478111 -0.7205111793748872 0.6934207083018079
vn -1.2415584865668823e-7 -0.9999999983673465 -0.00005714272934424073
vn -1.2415584351846352e-7 -0.9999999983673467 -0.000057142726979372815
vn -1.2415854114493922e-7 -0.9999999983673467 -0.00005714272697654674
vn 0.9999951570204463 0.002937402250573045 -0.0010283985956638325
vn 0 0.999999998367347 0.000057142857054166456
vn 0 0.999999998367347 0.000057142857054166456
vn 0 0.999999998367347 0.000057142857054166456
vn 0 0.999999998367347 0.000057142857054166456
vn -0.9987823495897726 0.04932258516492682 0.001049161847295116
vn -1.2415584865668823e-7 -0.9999999983673465 -0.00005714272934424073
vn -8.277056584619166e-8 -0.9999999992743762 -0.00003809515293071393
vn -8.277056584619165e-8 -0.9999999992743762 -0.000038095152930713923
vn -8.27705624207269e-8 -0.9999999992743764 -0.000038095151354135314
vn 0.999995156962253 0.0029374024725463623 -0.001028454546114577
vn 0 0.9999999992743764 0.000038095238066153095
vn 0 0.9999999992743764 0.000038095238066153095
vn 0 0.9999999992743765 0.0000380952380661531
vn 0 0.9999999992743764 0.000038095238066153095
vn -0.9987823505737959 0.04932258521352108 0.0010482223705131953
vn -8.277056584621e-8 -0.9999999992743762 -0.00003809515293071392
vn -1.2539739911421605e-7 -0.9999999983673467 -0.00005714272568546261
vn -8.359826963640974e-8 -0.9999999992743763 -0.00003809515207936146
vn -1.2540012370197524e-7 -0.9999999983673467 -0.000057142725675841184
vn -0.002191840240067828 -0.048795064471343505 -0.9988064064269911
vn 0 -1 0
vn 0.005544677612367841 -0.7205148094305693 0.6934173822031038
vn -1.2540012370198218e-7 -0.9999999983673467 -0.000057142725675841205
vn 0 -0.002479004728326198 0.9999969272630578
vn 0 0.999999998367347 0.000057142857054166456
vn 0 0.999999998367347 0.000057142857047399395
vn 0 0.9999999992743764 0.000038095238066153095
vn 0 0.999999998367347 0.00005714285705416644
vn 0 0.0498579155323573 -0.9987563207603588
vn 0 1 0
vn 0 0.2607558320313205 0.9654047835295069
vn -1.2540012371683254e-7 -0.9999999983673467 -0.00005714272568260827
vn -8.359826963640056e-8 -0.9999999992743763 -0.00003809515207936147
vn -1.2540012370200285e-7 -0.9999999983673467 -0.000057142725675841205
vn -0.002192131046906077 -0.04600237500529012 -0.9989389250876882
vn 0 -1 0
vn 0.005544400598010777 -0.7205481504897899 0.6933827387869934
vn -1.2539740434086705e-7 -0.9999999983673464 -0.00005714272806721204
vn 0 -0.001486418111008775 0.9999988952799896
vn 0 0.999999998367347 0.000057142857054166456
vn 0 0.999999998367347 0.000057142857047399395
vn 0 0.9999999992743764 0.000038095238066153095
vn 0 0.999999998367347 0.00005714285705416644
vn 0 0.0498579155323573 -0.9987563207603588
vn 0 1 0
vn 0 0.2607558320313205 0.9654047835295068
vn -1.2540012371683254e-7 -0.9999999983673467 -0.00005714272568260827
vn -8.359826963640971e-8 -0.9999999992743762 -0.00003809515207936145
vn -1.2540012370197532e-7 -0.9999999983673467 -0.00005714272567584121
vn -0.0021924047828924117 -0.04320864819076947 -0.9990636646794809
vn 0 -1 0
vn 0.005544571594262892 -0.7205809244161117 0.6933486778623424
vn -1.2539740434086705e-7 -0.9999999983673464 -0.00005714272806721204
vn 0 -0.0004938271002801934 0.9999998780673901
vn 0 0.999999998367347 0.000057142857054166456
vn 0 0.999999998367347 0.000057142857047399395
vn 0 0.9999999992743765 0.0000380952380661531
vn 0 0.999999998367347 0.00005714285705416644
vn 0 0.0498579155323573 -0.9987563207603587
vn 0 1 0
vn 0 0.2607558320313205 0.9654047835295069
vn -1.2539740435571858e-7 -0.9999999983673464 -0.0000571427280739791
vn -8.36000825438111e-8 -0.9999999992743764 -0.00003809515048511423
vn -1.253973990993589e-7 -0.9999999983673467 -0.00005714272567869556
vn -0.002169838682563085 -0.051546202112411614 -0.9986682536497684
vn 0 -1 0
vn 0.005545391626628323 -0.7204822343936266 0.6934512229096396
vn -1.2540012370198043e-7 -0.9999999983673467 -0.000057142725675841205
vn 0 -0.0034715840184984447 0.9999939740340451
vn 0 0.999999998367347 0.000057142857054166456
vn 0 0.999999998367347 0.000057142857047399395
vn 0 0.9999999992743765 0.000038095238066153095
vn 0 0.999999998367347 0.00005714285705416644
vn 0 0.0498579155323573 -0.9987563207603587
vn 0 1 0
vn 0 0.2607558320313205 0.9654047835295069
vn 0 1 0
vn 0 1 0
vn 0 1 0
vn 0 0.6757258574807072 -0.7371530136491087
vn 0.9074282754101547 -0.37527791257099163 -0.18905135102006557
vn -0.10021958786355502 0.8908714668890134 -0.4430621442771619
vn 0 1 0
vn -0.7071067811865467 0 0.7071067811865483
vn -0.7071067811865467 0 0.7071067811865483
vn -0.7071067811865467 0 0.7071067811865483
vn 0 -1 0
vn 0 -1 0
vn 0 -1 0
vn 0 1 0
vn 0 0 1
vn 0 -1 0
vn 0 -1 0
vn 0 -0.7910529841125553 -0.6117476410470427
vn 0 0 -1
vn 0 0.06947458064781807 -0.9975837221225144
vn -0.10024306862817316 0.8908693489405941 -0.44306109094589796
vn -0.11716380564418924 0.9167127794132539 -0.381982097365044
vn -1 0 0
vn 0 -1 0
vn 0 0 -1
vn 0 0 1
vn 1 0 0
vn 0 1 0
vn -1 0 0
vn 0 1 0
vn 1 0 0
vn 0 -1 0
vn -1 0 0
vn 1 0 0
vn 0 -0.7910529841125553 0.6117476410470427
vn -0.32551293939651776 0 -0.9455375858660718
vn 1 0 0
vn 0 0.06947458064781807 0.9975837221225144
vn 1 0 0
vn 0 1 0
vn -1 0 0
vn 0 -1 0
vn 1 0 0
vn 0 1 0
vn -0.9561999555074315 0 -0.2927142720941122
vn 0 -1 0
vn 0.9561999555074315 0 -0.2927142720941122
vn 0.32551293939651776 0 -0.9455375858660718
vn 0 -1 0
vn 0 -1 0
vn 0 1 0
vn 0 0 -1
vn 0 -1 0
vn 0 -1 0
vn 0 -0.7910529841125553 0.6117476410470427
vn 0 0 1
vn 0.012139518243948488 0.0703323584621499 0.9974497438216909
vn 0 1 0
vn 0 1 0
vn 0 1 0
vn -0.7071067811865476 0 -0.7071067811865476
vn 0 1 0
vn 0 1 0
vn 0 1 0
vn 0 0.06947458064781807 0.9975837221225144
vn 0 0 1
vn 0 -0.7910529841125553 0.6117476410470427
vn 0 -1 0
vn 0 -1 0
vn 0 0 -1
vn 0 1 0
vn 0 -1 0
vn 0 -1 0
vn 0.7071067811865471 0 -0.7071067811865479
vn 0 -1 0
vn 0 -1 0
vn 0 1 0
vn 0 0 -1
vn 0 -1 0
vn 0 -1 0
vn 0 -0.7910529841125553 0.6117476410470427
vn 0 0 1
vn 0 0.07078252349172548 0.9974917715791661
vn 0 1 0
vn 0 1 0
vn 0 1 0
vn 0.9052369440730292 0 -0.4249071370138699
vn 0 1 0
vn 0 1 0
vn 0 1 0
vn 0 1 0
vn -0.9052369440730292 0 -0.4249071370138699
vn 0 -1 0
vn 0 -1 0
vn 0 -1 0
vn 0 -1 0
vn 1 0 0
vn -1 0 0
vn -1 0 0
vn 1 0 0
vn 0.9561999555074315 0 -0.2927142720941122
vn -0.9561999555074315 0 -0.2927142720941122
vn -0.9052369440730291 0 -0.4249071370138698
vn -0.7071067811865476 0 -0.7071067811865476
vn -0.3255129393965177 0 -0.9455375858660717
vn 0.3255129393965177 0 -0.9455375858660717
vn 0.9052369440730291 0 -0.4249071370138698
vn 0.7071067811865471 0 -0.7071067811865479
vn -0.10024581572959128 0.8908574005978813 0.44308449332908834
vn 0 0.6757270288463552 0.7371519398919582
vn -0.1566934182688918 0.8224459869471259 0.5468361465976607
vn 0 0.9384717026614086 0.34535613980903396
vn -0.2913647776960567 0.6749192941924693 0.6779310530170946
vn 0 0.9384717026614086 0.3453561398090339
vn 0.20315048274262135 -0.49689614319445613 0.8436966897172911
vn -0.1557286893716444 0.8187941639896862 0.5525619352823905
vn 0.5512813945814861 -0.5816424585222255 0.5981478700392681
vn -0.07460903657047613 0.8831937638175638 0.46303592432530616
vn 0 0.9177090632809474 0.3972531625701755
vn -1 0 0
vn -1 0 0
vn -0.876722815666694 0.26425375952577645 0.40190428595121674
vn -0.9537820590665388 -0.2854264954674013 -0.09397605805731105
vn -0.7284334329507594 0.1949616305452546 -0.6567912121631253
vn -0.09975257601694398 -0.8212878570582748 -0.5617256264642116
vn 1 0 0
vn 1 0 0
vn 0.06409381897963641 0.5095302613777901 0.8580622909258316
vn 0.09975257601694411 0.8212878570582747 0.5617256264642115
vn -1 0 0
vn 0.0000011732461268734242 0.6757258574802423 0.7371530136486013
vn 0.7392562352001374 -0.6491213749477416 0.1792809507551566
vn 0.002172771676907788 -0.0015510933090320672 -0.9999964365800446
vn 0.7071067811865471 0 -0.7071067811865479
vn 0.9052369440730291 0 -0.4249071370138698
vn 0.9561999555074315 0 -0.2927142720941122
vn 1 0 0
vn 1 0 0
vn 1 0 0
vn -0.7071067811865476 0 -0.7071067811865476
vn -0.9052369440730291 0 -0.4249071370138698
vn -0.9561999555074315 0 -0.2927142720941122
vn -1 0 0
vn -1 0 0
vn -1 0 0
vn 0.7930312795923824 -0.02516351377625565 -0.6086609788400279
vn -0.8294964028527065 0 -0.5585120568568063
vn 0.27006765689679635 0.5582571750804844 -0.7844822414621198
vn 0 0.2607558320313205 -0.9654047835295069
vn -0.27006765689679635 0.5582571750804844 -0.7844822414621198
vn 0.11956167566746466 -0.9301015887893904 -0.34729820074834833
vn 0.005600428791502012 -0.7204781021263708 -0.6934550739260145
vn -0.11337011666799522 -0.9373900125153356 -0.32931319603560383
vn -0.9999986151237802 0 -0.0016642567475952396
vn 0 -1 0
vn 0.9996724582106368 -0.025538235113943833 0.0016657858108990913
vn 0 1 0
vn -0.019320334677106518 0.0009540906013385909 0.9998128896844094
vn -0.008068746282006796 -0.04196393414177582 0.9990865445819904
vn 0.020598704429689686 0.004024981468389384 0.9997797221888418
vn 0 0.0498579155323573 0.9987563207603587
vn -0.998782369344427 0.0493225861404653 -0.0010301374419624757
vn -1.2415854115965716e-7 -0.9999999983673467 0.000057142726983313815
vn 0.9999951370285481 0.0029374778175658782 0.0010474460972014926
vn 0 0.999999998367347 -0.00005714285704739937
vn -1.2415854115965708e-7 -0.9999999983673467 0.00005714272698331379
vn -0.008064832276623867 -0.05224167772922821 0.9986019054600214
vn 0 -1 0
vn 0.005599871464697919 -0.7205445209567335 -0.6933860647278761
vn 0.0021727202094620483 -0.0025152428445571686 -0.9999944764049072
vn 0 0.999999998367347 -0.000057142857047399375
vn 0 0.04985791553235729 0.9987563207603587
vn 0 1 0
vn 0 0.2607558320313205 -0.9654047835295069
vn -1.2415584867137806e-7 -0.9999999983673465 0.000057142729351007814
vn -0.008060070135093713 -0.06250269511212145 0.9980122486087727
vn 0 -1 0
vn 0.005599591693928872 -0.7205778575415657 -0.6933514230126513
vn 0.00217271393043103 -0.0034794082294581467 -0.9999915864808812
vn 0 0.999999998367347 -0.000057142857047399375
vn 0 0.0498579155323573 0.9987563207603588
vn 0 1 0
vn 0 0.2607558320313205 -0.9654047835295068
vn -1.241585411449336e-7 -0.9999999983673467 0.000057142726976546754
vn -0.9987823495897726 0.049322585164927345 -0.0010491618472931144
vn 0 0.999999998367347 -0.00005714285705416647
vn 0 0.999999998367347 -0.00005714285705416647
vn 0 0.999999998367347 -0.00005714285705416647
vn 0.9999951370285481 0.0029374778175658895 0.0010474460972031657
vn -1.241585411449336e-7 -0.9999999983673467 0.000057142726976546754
vn -1.241585411449897e-7 -0.9999999983673467 0.000057142726976546754
vn -1.241585411596291e-7 -0.9999999983673467 0.000057142726983313815
vn 0.0021727739164080604 -0.0005869172011235611 -0.9999974672876463
vn 0 0.999999998367347 -0.000057142857047399375
vn 0 0.999999998367347 -0.00005714285705416647
vn 0 0.04985791553235731 0.9987563207603588
vn 0 1 0
vn 0 0.2607558320313205 -0.9654047835295069
vn -1.2415584351845818e-7 -0.9999999983673467 0.000057142726979372835
vn -0.008071808311829576 -0.03167300554970795 0.9994656905717302
vn 0 -1 0
vn 0.005600151250478114 -0.7205111793748872 -0.6934207083018079
vn -4.574169307940674e-8 -0.9999999997783927 0.000021052614239790725
vn -4.5741692381962256e-8 -0.9999999997783927 0.000021052613918796656
vn -4.5742686247217346e-8 -0.9999999997783927 0.00002105261391841306
vn 0.9999956216155992 0.002934824799575849 0.00037888392345854346
vn 0 0.9999999997783934 -0.000021052631575978098
vn 0 0.9999999997783934 -0.000021052631575978098
vn 0 0.9999999997783935 -0.000021052631575978098
vn 0 0.9999999997783934 -0.000021052631575978095
vn -0.9987828246772067 0.04932260862603468 -0.000386533496022358
vn -4.574169307940674e-8 -0.9999999997783927 0.000021052614239790725
vn -8.27705658461926e-8 -0.9999999992743762 0.000038095152930713944
vn -8.277056584622762e-8 -0.9999999992743762 0.000038095152930713923
vn -8.277056242070944e-8 -0.9999999992743764 0.000038095151354135314
vn 0.999995156962253 0.002937402472546362 0.0010284545461145779
vn 0 0.9999999992743764 -0.00003809523806615309
vn 0 0.9999999992743765 -0.00003809523806615308
vn 0 0.9999999992743765 -0.00003809523806615308
vn 0 0.9999999992743764 -0.00003809523806615309
vn -0.9987823505737959 0.04932258521352109 -0.0010482223705132066
vn -8.277056584619256e-8 -0.9999999992743762 0.000038095152930713923
vn -1.2539739911421616e-7 -0.9999999983673467 0.00005714272568546259
vn -8.359826963640113e-8 -0.9999999992743762 0.000038095152079361454
vn -1.254001237019832e-7 -0.9999999983673467 0.000057142725675841205
vn -0.0021918402400678276 -0.04879506447134349 0.9988064064269911
vn 0 -1 0
vn 0.005544677612367841 -0.7205148094305693 -0.6934173822031038
vn -4.620011272224554e-8 -0.9999999997783927 0.00002105261374186249
vn 0 -0.002479004728326199 -0.9999969272630577
vn 0 0.9999999997783934 -0.000021052631575978098
vn 0 0.999999998367347 -0.000057142857047399375
vn 0 0.9999999992743765 -0.00003809523806615308
vn 0 0.999999998367347 -0.00005714285705416647
vn 0 0.049857915532357286 0.9987563207603588
vn 0 1 0
vn 0 0.2607558320313205 -0.9654047835295069
vn -1.2540012371681867e-7 -0.9999999983673467 0.00005714272568260827
vn -8.359826963640117e-8 -0.9999999992743763 0.000038095152079361474
vn -1.254001237019832e-7 -0.9999999983673467 0.000057142725675841205
vn -0.0021921310469060766 -0.04600237500529012 0.9989389250876882
vn 0 -1 0
vn 0.005544400598010777 -0.7205481504897899 -0.6933827387869934
vn -4.6199109629807504e-8 -0.9999999997783928 0.000021052614066453926
vn 0 -0.0014864181110087753 -0.9999988952799896
vn 0 0.9999999997783934 -0.000021052631575978095
vn 0 0.999999998367347 -0.00005714285704739937
vn 0 0.9999999992743764 -0.00003809523806615309
vn 0 0.999999998367347 -0.00005714285705416647
vn 0 0.04985791553235729 0.9987563207603588
vn 0 1 0
vn 0 0.2607558320313205 -0.9654047835295068
vn -1.2540012371681867e-7 -0.9999999983673467 0.00005714272568260827
vn -8.359826963640113e-8 -0.9999999992743762 0.000038095152079361454
vn -1.254001237019832e-7 -0.9999999983673467 0.000057142725675841205
vn -0.0021924047828924117 -0.04320864819076948 0.9990636646794809
vn 0 -1 0
vn 0.005544571594262891 -0.7205809244161117 -0.6933486778623423
vn -4.6199109629807504e-8 -0.9999999997783928 0.000021052614066453926
vn 0 -0.0004938271002801935 -0.9999998780673901
vn 0 0.9999999997783935 -0.000021052631575978098
vn 0 0.999999998367347 -0.000057142857047399375
vn 0 0.9999999992743765 -0.00003809523806615308
vn 0 0.999999998367347 -0.00005714285705416647
vn 0 0.049857915532357314 0.9987563207603587
vn 0 1 0
vn 0 0.2607558320313205 -0.9654047835295069
vn -1.2539740435570474e-7 -0.9999999983673464 0.000057142728073979106
vn -8.360008254383273e-8 -0.9999999992743764 0.00003809515048511423
vn -1.2539739909936682e-7 -0.9999999983673467 0.00005714272567869556
vn -0.0021698386825630836 -0.05154620211241163 0.9986682536497684
vn 0 -1 0
vn 0.005545391626628323 -0.7204822343936266 -0.6934512229096396
vn -4.6200112722235215e-8 -0.9999999997783927 0.000021052613741862492
vn 0 -0.0034715840184984413 -0.9999939740340451
vn 0 0.9999999997783935 -0.000021052631575978098
vn 0 0.999999998367347 -0.000057142857047399375
vn 0 0.9999999992743765 -0.00003809523806615309
vn 0 0.999999998367347 -0.00005714285705416647
vn 0 0.049857915532357314 0.9987563207603587
vn 0 1 0
vn 0 0.2607558320313205 -0.9654047835295069
vn 0 1 0
vn 0 1 0
vn 0 1 0
vn 0 0.6757258574807072 0.7371530136491087
vn 0.9074282754101547 -0.3752779125709915 0.18905135102006557
vn 0 1 0
vn -0.7071067811865467 0 -0.7071067811865483
vn -0.7071067811865467 0 -0.7071067811865483
vn -0.7071067811865467 0 -0.7071067811865483
vn 0 -1 0
vn 0 -1 0
vn 0 -1 0
vn 0 1 0
vn 0 0 -1
vn 0 -1 0
vn 0 -1 0
vn 0 -0.7910529841125553 0.6117476410470427
vn 0 0 1
vn 0 0.06947458064781807 0.9975837221225144
vn -0.10024306862817317 0.8908693489405941 0.44306109094589796
vn -0.11716380564418914 0.9167127794132539 0.381982097365044
vn 0.9096050995879592 0.2944764710896264 0.29309072107144424
vn -0.9081150248714178 0.299509837152603 0.29261059285611285
vn 0 1 0
vn 0 -1 0
vn -0.31317114811787194 0.32524240033083496 0.8922674559870325
vn -0.3137393142972121 0.3202109212177361 -0.8938862391810292
vn 0.9081150248714178 0.299509837152603 -0.29261059285611285
vn 0 -1 0
vn -0.9096050995879594 0.29447647108962643 -0.29309072107144424
vn 0 1 0
vn 0.31373931429721214 0.32021092121773614 0.8938862391810292
vn 0 -1 0
vn 0 -1 0
vn 0.31317114811787183 0.3252424003308349 -0.8922674559870325
vn 0 1 0
vn 0 1 0
vn -0.10021958786355506 0.8908714668890134 0.4430621442771619
vn 0.910943364546932 0.2949097223353375 0.2884622024806884
vn 0.3185565855785614 0.3208467095156207 0.8919524038745159
vn -0.3181175711363409 0.32467436337680616 0.8907231717543791
vn -0.9098227898195408 0.29869154915390733 0.28810735774885554
vn -0.910943364546932 0.2949097223353375 -0.2884622024806884
vn -0.3185565855785614 0.32084670951562066 -0.8919524038745159
vn 0.3181175711363409 0.32467436337680616 -0.8907231717543791
vn 0.9098227898195408 0.29869154915390733 -0.28810735774885554
vn 0.9081150248714173 0.29950983715260404 0.29261059285611274
vn 0.9096050995879591 0.29447647108962755 -0.2930907210714441
vn 0.3137393142972121 0.3202109212177373 -0.8938862391810287
vn -0.3131721942449806 0.32523321604231137 -0.8922704365463194
vn -0.9081150248714173 0.29950983715260404 -0.29261059285611274
vn -0.909605099587959 0.29447647108962755 0.2930907210714441
vn -0.313739314297212 0.32021092121773725 0.8938862391810287
vn 0.3131721942449806 0.32523321604231126 0.8922704365463194
vn -1 0 0
vn 0 0 -1
vn 1 0 0
vn 0 0 1
vn 0 1 0
vn 0 -1 0
vn -1 0 0
vn 0 0 -1
vn 1 0 0
vn 0 0 1
vn 0 1 0
vn 0 -1 0
vn 1 0 0
vn 0 0 1
vn -1 0 0
vn 0 0 -1
vn 0 1 0
vn 0 -1 0
vn 1 0 0
vn 0 0 1
vn -1 0 0
vn 0 0 -1
vn 0 1 0
vn 0 -1 0
usemtl m_e463f441-a9b0-5143-c4bb-59b7b1cfe7db
f 5/1/1 3/2/1 2/3/1 4/4/1
f 8/5/2 6/6/2 7/7/2 9/8/2
f 2/9/3 3/10/3 7/11/3 6/12/3
f 5/13/4 4/14/4 8/15/4 9/16/4
f 4/17/5 2/18/5 6/19/5 8/20/5
f 9/21/6 7/22/6 3/23/6 5/24/6
f 13/25/7 11/26/7 10/27/7 12/28/7
f 16/29/8 14/30/8 15/31/8 17/32/8
f 10/33/9 11/34/9 15/35/9 14/36/9
f 13/37/10 12/38/10 16/39/10 17/40/10
f 12/41/11 10/42/11 14/43/11 16/44/11
f 17/45/12 15/46/12 11/47/12 13/48/12
f 24/49/13 22/50/13 23/51/13 25/52/13
f 51/53/14 64/54/14 63/55/14 52/56/14
usemtl none
f 50/57/15 65/58/15 64/59/15 51/60/15
usemtl m_e463f441-a9b0-5143-c4bb-59b7b1cfe7db
f 54/61/16 61/62/16 60/63/16 55/64/16
f 21/65/17 19/66/17 18/67/17 20/68/17
f 49/69/18 66/70/18 65/71/18 50/72/18
f 26/73/19 28/74/19 25/75/19 23/76/19
f 108/77/20 106/78/20 89/79/20 88/80/20
f 29/81/21 27/82/21 19/83/21 21/84/21
f 52/85/22 63/86/22 62/87/22 53/88/22
f 30/89/23 32/90/23 28/91/23 26/92/23
f 33/93/24 31/94/24 27/95/24 29/96/24
f 53/97/25 62/98/25 61/99/25 54/100/25
f 47/101/26 58/102/26 57/103/26 48/104/26
f 120/105/27 36/106/27 19/107/27 27/108/27
f 55/109/28 60/110/28 59/111/28 56/112/28
f 37/113/29 120/114/29 27/115/29 31/116/29
f 88/117/30 89/118/30 92/119/30 93/120/30
f 41/121/31 40/122/31 35/123/31 23/124/31
usemtl none
f 85/125/32 67/126/32 66/127/32 49/128/32
usemtl m_e463f441-a9b0-5143-c4bb-59b7b1cfe7db
f 39/129/33 42/130/33 19/131/33 36/132/33
f 92/133/34 99/134/34 98/135/34 93/136/34
f 41/137/35 81/138/35 80/139/35 40/140/35
usemtl none
f 85/141/36 83/142/36 82/143/36 67/144/36
usemtl m_e463f441-a9b0-5143-c4bb-59b7b1cfe7db
f 39/145/37 79/146/37 78/147/37 42/148/37
f 48/149/38 69/150/38 68/151/38 47/152/38
usemtl none
f 70/153/39 84/154/39 83/155/39 85/156/39
f 49/157/40 71/158/40 70/159/40 85/160/40
usemtl m_e463f441-a9b0-5143-c4bb-59b7b1cfe7db
f 50/161/41 72/162/41 71/163/41 49/164/41
usemtl none
f 51/165/42 73/166/42 72/167/42 50/168/42
usemtl m_e463f441-a9b0-5143-c4bb-59b7b1cfe7db
f 52/169/43 74/170/43 73/171/43 51/172/43
f 53/173/44 75/174/44 74/175/44 52/176/44
f 54/177/45 76/178/45 75/179/45 53/180/45
f 55/181/46 77/182/46 76/183/46 54/184/46
f 56/185/47 125/186/47 77/187/47 55/188/47
f 88/189/48 86/190/48 109/191/48 108/192/48
f 93/193/49 94/194/49 86/195/49 88/196/49
f 93/197/50 98/198/50 97/199/50 94/200/50
f 58/201/51 272/202/51 273/203/51 57/204/51
f 92/205/52 265/206/52 264/207/52 99/208/52
f 89/209/53 266/210/53 265/211/53 92/212/53
f 106/213/54 267/214/54 266/215/54 89/216/54
f 60/217/55 282/218/55 283/219/55 59/220/55
f 61/221/56 281/222/56 282/223/56 60/224/56
f 62/225/57 280/226/57 281/227/57 61/228/57
f 63/229/58 279/230/58 280/231/58 62/232/58
f 64/233/59 278/234/59 279/235/59 63/236/59
usemtl none
f 65/237/60 277/238/60 278/239/60 64/240/60
usemtl m_e463f441-a9b0-5143-c4bb-59b7b1cfe7db
f 66/241/61 276/242/61 277/243/61 65/244/61
usemtl none
f 67/245/62 275/246/62 276/247/62 66/248/62
f 82/249/63 274/250/63 275/251/63 67/252/63
usemtl m_e463f441-a9b0-5143-c4bb-59b7b1cfe7db
f 43/253/64 68/254/64 69/255/64 46/256/64
usemtl none
f 42/257/65 78/258/65 84/259/65 70/260/65
f 42/261/66 70/262/66 71/263/66 19/264/66
usemtl m_e463f441-a9b0-5143-c4bb-59b7b1cfe7db
f 19/265/67 71/266/67 72/267/67 18/268/67
usemtl none
f 18/269/68 72/270/68 73/271/68 20/272/68
usemtl m_e463f441-a9b0-5143-c4bb-59b7b1cfe7db
f 20/273/69 73/274/69 74/275/69 21/276/69
f 21/277/70 74/278/70 75/279/70 29/280/70
f 29/281/71 75/282/71 76/283/71 33/284/71
f 33/285/72 76/286/72 77/287/72 31/288/72
f 31/289/73 77/290/73 125/291/73 37/292/73
f 110/293/74 109/294/74 86/295/74 87/296/74
f 87/297/75 86/298/75 94/299/75 95/300/75
f 94/301/76 97/302/76 96/303/76 95/304/76
f 46/305/77 78/306/77 79/307/77 43/308/77
f 105/309/78 96/310/78 97/311/78 104/312/78
f 104/313/79 97/314/79 98/315/79 103/316/79
f 103/317/80 98/318/80 99/319/80 101/320/80
f 99/321/81 264/322/81 270/323/81 101/324/81
f 44/325/82 80/326/82 81/327/82 45/328/82
usemtl none
f 57/329/83 273/330/83 274/331/83 82/332/83
f 57/333/84 82/334/84 83/335/84 48/336/84
f 48/337/85 83/338/85 84/339/85 69/340/85
f 69/341/86 84/342/86 78/343/86 46/344/86
usemtl m_e463f441-a9b0-5143-c4bb-59b7b1cfe7db
f 120/345/87 133/346/87 132/347/87 36/348/87
f 35/349/88 137/350/88 138/351/88 34/352/88
f 40/353/89 136/354/89 137/355/89 35/356/89
f 36/357/90 132/358/90 131/359/90 39/360/90
f 39/361/91 131/362/91 130/363/91 79/364/91
f 80/365/92 135/366/92 136/367/92 40/368/92
f 44/369/93 134/370/93 135/371/93 80/372/93
f 126/373/94 271/374/94 272/375/94 58/376/94
f 47/377/95 127/378/95 126/379/95 58/380/95
f 68/381/96 128/382/96 127/383/96 47/384/96
f 79/385/97 130/386/97 129/387/97 43/388/97
f 43/389/98 129/390/98 128/391/98 68/392/98
f 118/393/99 269/394/99 117/395/99
f 106/396/100 108/397/100 112/398/100 111/399/100
f 117/400/101 115/401/101 116/402/101 118/403/101
f 108/404/102 109/405/102 124/406/102 112/407/102
f 115/408/103 122/409/103 123/410/103 116/411/103
f 109/412/104 110/413/104 124/414/104
f 122/415/105 115/416/105 112/417/105 124/418/105
f 116/419/106 123/420/106 125/421/106 56/422/106
f 115/423/107 117/424/107 111/425/107 112/426/107
f 118/427/108 116/428/108 56/429/108 59/430/108
f 59/431/109 283/432/109 284/433/109 118/434/109
f 35/435/110 34/436/110 26/437/110 23/438/110
f 34/439/111 38/440/111 30/441/111 26/442/111
f 123/443/112 122/444/112 124/445/112
usemtl none
f 122/446/113 123/447/113 114/448/113 113/449/113
f 124/450/114 122/451/114 113/452/114 110/453/114
f 123/454/115 125/455/115 37/456/115 114/457/115
usemtl m_e463f441-a9b0-5143-c4bb-59b7b1cfe7db
f 121/458/116 133/459/116 120/460/116
f 120/461/117 37/462/117 121/463/117
f 121/464/118 123/465/118 124/466/118 110/467/118
f 37/468/119 125/469/119 123/470/119 121/471/119
f 138/472/120 38/473/120 34/474/120
f 111/475/121 268/476/121 267/477/121 106/478/121
f 117/479/122 269/480/122 268/481/122 111/482/122
usemtl none
f 177/483/123 226/484/123 227/485/123 178/486/123
usemtl m_e463f441-a9b0-5143-c4bb-59b7b1cfe7db
f 104/487/124 128/488/124 129/489/124 105/490/124
f 105/491/125 129/492/125 130/493/125 96/494/125
f 96/495/126 130/496/126 131/497/126 95/498/126
f 95/499/127 131/500/127 132/501/127 87/502/127
f 87/503/128 132/504/128 133/505/128 110/506/128
f 110/507/129 133/508/129 121/509/129
f 101/510/130 270/511/130 271/512/130 126/513/130
f 100/514/131 135/515/131 134/516/131 102/517/131
f 91/518/132 136/519/132 135/520/132 100/521/132
f 90/522/133 137/523/133 136/524/133 91/525/133
f 107/526/134 138/527/134 137/528/134 90/529/134
f 138/530/135 107/531/135 38/532/135
f 142/533/136 139/534/136 128/535/136 104/536/136
f 141/537/137 140/538/137 101/539/137 126/540/137
f 142/541/138 104/542/138 103/543/138
f 103/544/139 261/545/139 142/546/139
f 103/547/140 101/548/140 140/549/140
f 127/550/141 128/551/141 139/552/141
usemtl none
f 127/553/142 240/554/142 141/555/142
usemtl m_e463f441-a9b0-5143-c4bb-59b7b1cfe7db
f 141/556/143 126/557/143 127/558/143
f 144/559/144 143/560/144 140/561/144 141/562/144
f 185/563/145 225/564/145 224/565/145 184/566/145
f 146/567/146 145/568/146 139/569/146 142/570/146
f 181/571/147 232/572/147 233/573/147 182/574/147
f 148/575/148 147/576/148 143/577/148 144/578/148
f 184/579/149 224/580/149 223/581/149 183/582/149
f 150/583/150 149/584/150 145/585/150 146/586/150
f 180/587/151 231/588/151 232/589/151 181/590/151
f 171/591/152 195/592/152 194/593/152 172/594/152
f 263/595/153 221/596/153 220/597/153 186/598/153
f 175/599/154 190/600/154 189/601/154 176/602/154
f 193/603/155 228/604/155 229/605/155 179/606/155
f 234/607/156 207/608/156 206/609/156 187/610/156
f 157/611/157 210/612/157 209/613/157 156/614/157
f 158/615/158 211/616/158 210/617/158 157/618/158
f 127/619/159 211/620/159 158/621/159
usemtl none
f 155/622/160 212/623/160 213/624/160 159/625/160
f 192/626/161 214/627/161 215/628/161 173/629/161
usemtl m_e463f441-a9b0-5143-c4bb-59b7b1cfe7db
f 160/630/162 217/631/162 218/632/162 161/633/162
f 161/634/163 218/635/163 219/636/163 162/637/163
f 103/638/164 233/639/164 162/640/164
f 262/641/165 249/642/165 1/643/165 188/644/165
f 165/645/166 252/646/166 251/647/166 164/648/166
f 166/649/167 253/650/167 252/651/167 165/652/167
f 127/653/168 253/654/168 166/655/168
usemtl none
f 163/656/169 254/657/169 255/658/169 167/659/169
usemtl m_e463f441-a9b0-5143-c4bb-59b7b1cfe7db
f 191/660/170 256/661/170 257/662/170 174/663/170
f 168/664/171 259/665/171 260/666/171 169/667/171
f 169/668/172 260/669/172 261/670/172 170/671/172
f 103/672/173 219/673/173 170/674/173
f 183/675/174 223/676/174 222/677/174 196/678/174
f 148/679/175 205/680/175 204/681/175 147/682/175
f 203/683/176 230/684/176 231/685/176 180/686/176
f 202/687/177 216/688/177 217/689/177 160/690/177
f 201/691/178 258/692/178 259/693/178 168/694/178
f 150/695/179 200/696/179 199/697/179 149/698/179
f 164/699/180 251/700/180 250/701/180 198/702/180
f 156/703/181 209/704/181 208/705/181 197/706/181
f 171/707/182 236/708/182 235/709/182 195/710/182
usemtl none
f 152/711/183 241/712/183 242/713/183 151/714/183
usemtl m_e463f441-a9b0-5143-c4bb-59b7b1cfe7db
f 194/715/184 243/716/184 244/717/184 172/718/184
f 204/719/185 245/720/185 246/721/185 147/722/185
f 147/723/186 246/724/186 247/725/186 143/726/186
f 143/727/187 247/728/187 248/729/187 140/730/187
f 103/731/188 248/732/188 182/733/188
f 148/734/189 238/735/189 237/736/189 205/737/189
f 144/738/190 239/739/190 238/740/190 148/741/190
f 141/742/191 240/743/191 239/744/191 144/745/191
f 127/746/192 225/747/192 185/748/192
f 186/749/193 220/750/193 226/751/193 177/752/193
f 187/753/194 206/754/194 212/755/194 155/756/194
usemtl none
f 188/757/195 1/758/195 254/759/195 163/760/195
usemtl m_e463f441-a9b0-5143-c4bb-59b7b1cfe7db
f 153/761/196 189/762/196 190/763/196 154/764/196
usemtl none
f 167/765/197 255/766/197 256/767/197 191/768/197
f 159/769/198 213/770/198 214/771/198 192/772/198
f 178/773/199 227/774/199 228/775/199 193/776/199
usemtl m_e463f441-a9b0-5143-c4bb-59b7b1cfe7db
f 151/777/200 242/778/200 243/779/200 194/780/200
f 151/781/201 194/782/201 195/783/201 152/784/201
f 195/785/202 235/786/202 241/787/202 152/788/202
f 196/789/203 222/790/203 221/791/203 263/792/203
f 197/793/204 208/794/204 207/795/204 234/796/204
f 198/797/205 250/798/205 249/799/205 262/800/205
f 176/801/206 199/802/206 200/803/206 175/804/206
f 174/805/207 257/806/207 258/807/207 201/808/207
f 173/809/208 215/810/208 216/811/208 202/812/208
f 179/813/209 229/814/209 230/815/209 203/816/209
f 172/817/210 244/818/210 245/819/210 204/820/210
f 172/821/211 204/822/211 205/823/211 171/824/211
f 205/825/212 237/826/212 236/827/212 171/828/212
f 188/829/213 206/830/213 207/831/213 262/832/213
f 262/833/214 207/834/214 208/835/214 198/836/214
f 198/837/215 208/838/215 209/839/215 164/840/215
f 164/841/216 209/842/216 210/843/216 165/844/216
f 165/845/217 210/846/217 211/847/217 166/848/217
f 166/849/218 211/850/218 127/851/218
f 163/852/219 212/853/219 206/854/219 188/855/219
usemtl none
f 167/856/220 213/857/220 212/858/220 163/859/220
f 191/860/221 214/861/221 213/862/221 167/863/221
usemtl m_e463f441-a9b0-5143-c4bb-59b7b1cfe7db
f 174/864/222 215/865/222 214/866/222 191/867/222
f 201/868/223 216/869/223 215/870/223 174/871/223
f 168/872/224 217/873/224 216/874/224 201/875/224
f 169/876/225 218/877/225 217/878/225 168/879/225
f 170/880/226 219/881/226 218/882/226 169/883/226
f 162/884/227 219/885/227 103/886/227
f 187/887/228 220/888/228 221/889/228 234/890/228
f 234/891/229 221/892/229 222/893/229 197/894/229
f 197/895/230 222/896/230 223/897/230 156/898/230
f 156/899/231 223/900/231 224/901/231 157/902/231
f 157/903/232 224/904/232 225/905/232 158/906/232
f 158/907/233 225/908/233 127/909/233
f 155/910/234 226/911/234 220/912/234 187/913/234
usemtl none
f 159/914/235 227/915/235 226/916/235 155/917/235
f 192/918/236 228/919/236 227/920/236 159/921/236
f 173/922/237 229/923/237 228/924/237 192/925/237
usemtl m_e463f441-a9b0-5143-c4bb-59b7b1cfe7db
f 202/926/238 230/927/238 229/928/238 173/929/238
f 160/930/239 231/931/239 230/932/239 202/933/239
f 161/934/240 232/935/240 231/936/240 160/937/240
f 162/938/241 233/939/241 232/940/241 161/941/241
f 182/942/242 233/943/242 103/944/242
f 186/945/243 235/946/243 236/947/243 263/948/243
f 263/949/244 236/950/244 237/951/244 196/952/244
f 196/953/245 237/954/245 238/955/245 183/956/245
f 183/957/246 238/958/246 239/959/246 184/960/246
f 184/961/247 239/962/247 240/963/247 185/964/247
f 185/965/248 240/966/248 127/967/248
usemtl none
f 177/968/249 241/969/249 235/970/249 186/971/249
f 178/972/250 242/973/250 241/974/250 177/975/250
f 193/976/251 243/977/251 242/978/251 178/979/251
usemtl m_e463f441-a9b0-5143-c4bb-59b7b1cfe7db
f 179/980/252 244/981/252 243/982/252 193/983/252
f 203/984/253 245/985/253 244/986/253 179/987/253
f 180/988/254 246/989/254 245/990/254 203/991/254
f 181/992/255 247/993/255 246/994/255 180/995/255
f 182/996/256 248/997/256 247/998/256 181/999/256
f 140/1000/257 248/1001/257 103/1002/257
f 189/1003/258 1/1004/258 249/1005/258 176/1006/258
f 176/1007/259 249/1008/259 250/1009/259 199/1010/259
f 199/1011/260 250/1012/260 251/1013/260 149/1014/260
f 149/1015/261 251/1016/261 252/1017/261 145/1018/261
f 145/1019/262 252/1020/262 253/1021/262 139/1022/262
f 139/1023/263 253/1024/263 127/1025/263
usemtl none
f 153/1026/264 254/1027/264 1/1028/264 189/1029/264
f 154/1030/265 255/1031/265 254/1032/265 153/1033/265
usemtl m_e463f441-a9b0-5143-c4bb-59b7b1cfe7db
f 190/1034/266 256/1035/266 255/1036/266 154/1037/266
f 175/1038/267 257/1039/267 256/1040/267 190/1041/267
f 200/1042/268 258/1043/268 257/1044/268 175/1045/268
f 150/1046/269 259/1047/269 258/1048/269 200/1049/269
f 146/1050/270 260/1051/270 259/1052/270 150/1053/270
f 142/1054/271 261/1055/271 260/1056/271 146/1057/271
f 170/1058/272 261/1059/272 103/1060/272
f 100/1061/273 264/1062/273 265/1063/273 91/1064/273
f 91/1065/274 265/1066/274 266/1067/274 90/1068/274
f 90/1069/275 266/1070/275 267/1071/275 107/1072/275
f 107/1073/276 267/1074/276 268/1075/276 38/1076/276
f 38/1077/277 268/1078/277 269/1079/277 119/1080/277
f 284/1081/278 269/1082/278 118/1083/278
f 102/1084/279 270/1085/279 264/1086/279 100/1087/279
f 134/1088/280 271/1089/280 270/1090/280 102/1091/280
f 44/1092/281 272/1093/281 271/1094/281 134/1095/281
f 45/1096/282 273/1097/282 272/1098/282 44/1099/282
usemtl none
f 81/1100/283 274/1101/283 273/1102/283 45/1103/283
f 41/1104/284 275/1105/284 274/1106/284 81/1107/284
f 23/1108/285 276/1109/285 275/1110/285 41/1111/285
usemtl m_e463f441-a9b0-5143-c4bb-59b7b1cfe7db
f 22/1112/286 277/1113/286 276/1114/286 23/1115/286
usemtl none
f 24/1116/287 278/1117/287 277/1118/287 22/1119/287
usemtl m_e463f441-a9b0-5143-c4bb-59b7b1cfe7db
f 25/1120/288 279/1121/288 278/1122/288 24/1123/288
f 28/1124/289 280/1125/289 279/1126/289 25/1127/289
f 32/1128/290 281/1129/290 280/1130/290 28/1131/290
f 30/1132/291 282/1133/291 281/1134/291 32/1135/291
f 38/1136/292 283/1137/292 282/1138/292 30/1139/292
f 284/1140/293 119/1141/293 269/1142/293
f 119/1143/294 284/1144/294 283/1145/294 38/1146/294
f 291/1147/295 290/1148/295 292/1149/295 293/1150/295
f 331/1151/296 332/1152/296 319/1153/296 320/1154/296
usemtl none
f 332/1155/297 333/1156/297 318/1157/297 319/1158/297
usemtl m_e463f441-a9b0-5143-c4bb-59b7b1cfe7db
f 328/1159/298 329/1160/298 322/1161/298 323/1162/298
f 286/1163/299 287/1164/299 289/1165/299 288/1166/299
f 333/1167/300 334/1168/300 317/1169/300 318/1170/300
f 293/1171/301 296/1172/301 294/1173/301 291/1174/301
f 357/1175/302 374/1176/302 376/1177/302 356/1178/302
f 287/1179/303 295/1180/303 297/1181/303 289/1182/303
f 330/1183/304 331/1184/304 320/1185/304 321/1186/304
f 296/1187/305 300/1188/305 298/1189/305 294/1190/305
f 295/1191/306 299/1192/306 301/1193/306 297/1194/306
f 329/1195/307 330/1196/307 321/1197/307 322/1198/307
f 325/1199/308 326/1200/308 315/1201/308 316/1202/308
f 287/1203/309 304/1204/309 387/1205/309 295/1206/309
f 327/1207/310 328/1208/310 323/1209/310 324/1210/310
f 295/1211/311 387/1212/311 305/1213/311 299/1214/311
f 360/1215/312 357/1216/312 356/1217/312 361/1218/312
f 303/1219/313 308/1220/313 309/1221/313 291/1222/313
usemtl none
f 334/1223/314 335/1224/314 353/1225/314 317/1226/314
usemtl m_e463f441-a9b0-5143-c4bb-59b7b1cfe7db
f 287/1227/315 310/1228/315 307/1229/315 304/1230/315
f 366/1231/316 367/1232/316 360/1233/316 361/1234/316
f 348/1235/317 349/1236/317 309/1237/317 308/1238/317
usemtl none
f 350/1239/318 351/1240/318 353/1241/318 335/1242/318
usemtl m_e463f441-a9b0-5143-c4bb-59b7b1cfe7db
f 346/1243/319 347/1244/319 307/1245/319 310/1246/319
f 336/1247/320 337/1248/320 316/1249/320 315/1250/320
usemtl none
f 351/1251/321 352/1252/321 338/1253/321 353/1254/321
f 338/1255/322 339/1256/322 317/1257/322 353/1258/322
usemtl m_e463f441-a9b0-5143-c4bb-59b7b1cfe7db
f 339/1259/323 340/1260/323 318/1261/323 317/1262/323
usemtl none
f 340/1263/324 341/1264/324 319/1265/324 318/1266/324
usemtl m_e463f441-a9b0-5143-c4bb-59b7b1cfe7db
f 341/1267/325 342/1268/325 320/1269/325 319/1270/325
f 342/1271/326 343/1272/326 321/1273/326 320/1274/326
f 343/1275/327 344/1276/327 322/1277/327 321/1278/327
f 344/1279/328 345/1280/328 323/1281/328 322/1282/328
f 345/1283/329 392/1284/329 324/1285/329 323/1286/329
f 377/1287/330 354/1288/330 356/1289/330 376/1290/330
f 354/1291/331 362/1292/331 361/1293/331 356/1294/331
f 365/1295/332 366/1296/332 361/1297/332 362/1298/332
f 540/1299/333 539/1300/333 326/1301/333 325/1302/333
f 531/1303/334 532/1304/334 360/1305/334 367/1306/334
f 532/1307/335 533/1308/335 357/1309/335 360/1310/335
f 533/1311/336 534/1312/336 374/1313/336 357/1314/336
f 550/1315/337 549/1316/337 328/1317/337 327/1318/337
f 549/1319/338 548/1320/338 329/1321/338 328/1322/338
f 548/1323/339 547/1324/339 330/1325/339 329/1326/339
f 547/1327/340 546/1328/340 331/1329/340 330/1330/340
f 546/1331/341 545/1332/341 332/1333/341 331/1334/341
usemtl none
f 545/1335/342 544/1336/342 333/1337/342 332/1338/342
usemtl m_e463f441-a9b0-5143-c4bb-59b7b1cfe7db
f 544/1339/343 543/1340/343 334/1341/343 333/1342/343
usemtl none
f 543/1343/344 542/1344/344 335/1345/344 334/1346/344
f 542/1347/345 541/1348/345 350/1349/345 335/1350/345
usemtl m_e463f441-a9b0-5143-c4bb-59b7b1cfe7db
f 337/1351/346 336/1352/346 311/1353/346 314/1354/346
usemtl none
f 352/1355/347 346/1356/347 310/1357/347 338/1358/347
f 339/1359/348 338/1360/348 310/1361/348 287/1362/348
usemtl m_e463f441-a9b0-5143-c4bb-59b7b1cfe7db
f 340/1363/349 339/1364/349 287/1365/349 286/1366/349
usemtl none
f 341/1367/350 340/1368/350 286/1369/350 288/1370/350
usemtl m_e463f441-a9b0-5143-c4bb-59b7b1cfe7db
f 342/1371/351 341/1372/351 288/1373/351 289/1374/351
f 343/1375/352 342/1376/352 289/1377/352 297/1378/352
f 344/1379/353 343/1380/353 297/1381/353 301/1382/353
f 345/1383/354 344/1384/354 301/1385/354 299/1386/354
f 392/1387/355 345/1388/355 299/1389/355 305/1390/355
f 354/1391/356 377/1392/356 378/1393/356 355/1394/356
f 362/1395/357 354/1396/357 355/1397/357 363/1398/357
f 364/1399/358 365/1400/358 362/1401/358 363/1402/358
f 347/1403/359 346/1404/359 314/1405/359 311/1406/359
f 365/1407/360 364/1408/360 373/1409/360 372/1410/360
f 366/1411/361 365/1412/361 372/1413/361 371/1414/361
f 367/1415/362 366/1416/362 371/1417/362 369/1418/362
f 537/1419/363 531/1420/363 367/1421/363 369/1422/363
f 349/1423/364 348/1424/364 312/1425/364 313/1426/364
usemtl none
f 541/1427/365 540/1428/365 325/1429/365 350/1430/365
f 351/1431/366 350/1432/366 325/1433/366 316/1434/366
f 352/1435/367 351/1436/367 316/1437/367 337/1438/367
f 346/1439/368 352/1440/368 337/1441/368 314/1442/368
usemtl m_e463f441-a9b0-5143-c4bb-59b7b1cfe7db
f 399/1443/369 400/1444/369 387/1445/369 304/1446/369
f 405/1447/370 404/1448/370 303/1449/370 302/1450/370
f 404/1451/371 403/1452/371 308/1453/371 303/1454/371
f 398/1455/372 399/1456/372 304/1457/372 307/1458/372
f 397/1459/373 398/1460/373 307/1461/373 347/1462/373
f 403/1463/374 402/1464/374 348/1465/374 308/1466/374
f 402/1467/375 401/1468/375 312/1469/375 348/1470/375
f 539/1471/376 538/1472/376 393/1473/376 326/1474/376
f 393/1475/377 394/1476/377 315/1477/377 326/1478/377
f 394/1479/378 395/1480/378 336/1481/378 315/1482/378
f 396/1483/379 397/1484/379 347/1485/379 311/1486/379
f 395/1487/380 396/1488/380 311/1489/380 336/1490/380
f 536/1491/381 570/1492/381 385/1493/381
f 380/1494/382 376/1495/382 374/1496/382 379/1497/382
f 384/1498/383 383/1499/383 385/1500/383 570/1501/383
f 391/1502/384 377/1503/384 376/1504/384 380/1505/384
f 390/1506/385 389/1507/385 383/1508/385 384/1509/385
f 378/1510/386 377/1511/386 391/1512/386
f 380/1513/387 383/1514/387 389/1515/387 391/1516/387
f 392/1517/388 390/1518/388 384/1519/388 324/1520/388
f 379/1521/389 385/1522/389 383/1523/389 380/1524/389
f 324/1525/390 384/1526/390 570/1527/390 327/1528/390
f 551/1529/391 550/1530/391 327/1531/391 570/1532/391
f 294/1533/392 302/1534/392 303/1535/392 291/1536/392
f 298/1537/393 306/1538/393 302/1539/393 294/1540/393
f 389/1541/394 390/1542/394 391/1543/394
usemtl none
f 382/1544/395 390/1545/395 389/1546/395 381/1547/395
f 381/1548/396 389/1549/396 391/1550/396 378/1551/396
f 305/1552/397 392/1553/397 390/1554/397 382/1555/397
usemtl m_e463f441-a9b0-5143-c4bb-59b7b1cfe7db
f 400/1556/398 388/1557/398 387/1558/398
f 305/1559/399 387/1560/399 388/1561/399
f 391/1562/400 390/1563/400 388/1564/400 378/1565/400
f 390/1566/401 392/1567/401 305/1568/401 388/1569/401
f 306/1570/402 405/1571/402 302/1572/402
f 534/1573/403 535/1574/403 379/1575/403 374/1576/403
f 535/1577/404 536/1578/404 385/1579/404 379/1580/404
usemtl none
f 494/1581/405 493/1582/405 444/1583/405 445/1584/405
usemtl m_e463f441-a9b0-5143-c4bb-59b7b1cfe7db
f 396/1585/406 395/1586/406 372/1587/406 373/1588/406
f 397/1589/407 396/1590/407 373/1591/407 364/1592/407
f 398/1593/408 397/1594/408 364/1595/408 363/1596/408
f 399/1597/409 398/1598/409 363/1599/409 355/1600/409
f 400/1601/410 399/1602/410 355/1603/410 378/1604/410
f 400/1605/411 378/1606/411 388/1607/411
f 538/1608/412 537/1609/412 369/1610/412 393/1611/412
f 401/1612/413 402/1613/413 368/1614/413 370/1615/413
f 402/1616/414 403/1617/414 359/1618/414 368/1619/414
f 403/1620/415 404/1621/415 358/1622/415 359/1623/415
f 404/1624/416 405/1625/416 375/1626/416 358/1627/416
f 375/1628/417 405/1629/417 306/1630/417
f 395/1631/418 406/1632/418 409/1633/418 372/1634/418
f 369/1635/419 407/1636/419 408/1637/419 393/1638/419
f 372/1639/420 409/1640/420 371/1641/420
f 528/1642/421 371/1643/421 409/1644/421
f 369/1645/422 371/1646/422 407/1647/422
f 395/1648/423 394/1649/423 406/1650/423
usemtl none
f 507/1651/424 394/1652/424 408/1653/424
usemtl m_e463f441-a9b0-5143-c4bb-59b7b1cfe7db
f 393/1654/425 408/1655/425 394/1656/425
f 407/1657/426 410/1658/426 411/1659/426 408/1660/426
f 491/1661/427 492/1662/427 452/1663/427 451/1664/427
f 406/1665/428 412/1666/428 413/1667/428 409/1668/428
f 500/1669/429 499/1670/429 448/1671/429 449/1672/429
f 410/1673/430 414/1674/430 415/1675/430 411/1676/430
f 490/1677/431 491/1678/431 451/1679/431 450/1680/431
f 412/1681/432 416/1682/432 417/1683/432 413/1684/432
f 499/1685/433 498/1686/433 447/1687/433 448/1688/433
f 461/1689/434 462/1690/434 438/1691/434 439/1692/434
f 487/1693/435 488/1694/435 530/1695/435 453/1696/435
f 456/1697/436 457/1698/436 442/1699/436 443/1700/436
f 496/1701/437 495/1702/437 460/1703/437 446/1704/437
f 473/1705/438 474/1706/438 501/1707/438 454/1708/438
f 476/1709/439 477/1710/439 424/1711/439 423/1712/439
f 477/1713/440 478/1714/440 425/1715/440 424/1716/440
f 478/1717/441 394/1718/441 425/1719/441
usemtl none
f 480/1720/442 479/1721/442 422/1722/442 426/1723/442
usemtl m_e463f441-a9b0-5143-c4bb-59b7b1cfe7db
f 482/1724/443 481/1725/443 459/1726/443 440/1727/443
f 485/1728/444 484/1729/444 427/1730/444 428/1731/444
f 486/1732/445 485/1733/445 428/1734/445 429/1735/445
f 500/1736/446 371/1737/446 429/1738/446
f 285/1739/447 516/1740/447 529/1741/447 455/1742/447
f 518/1743/448 519/1744/448 432/1745/448 431/1746/448
f 519/1747/449 520/1748/449 433/1749/449 432/1750/449
f 520/1751/450 394/1752/450 433/1753/450
usemtl none
f 522/1754/451 521/1755/451 430/1756/451 434/1757/451
usemtl m_e463f441-a9b0-5143-c4bb-59b7b1cfe7db
f 524/1758/452 523/1759/452 458/1760/452 441/1761/452
f 527/1762/453 526/1763/453 435/1764/453 436/1765/453
f 528/1766/454 527/1767/454 436/1768/454 437/1769/454
f 486/1770/455 371/1771/455 437/1772/455
f 489/1773/456 490/1774/456 450/1775/456 463/1776/456
f 471/1777/457 472/1778/457 415/1779/457 414/1780/457
f 498/1781/458 497/1782/458 470/1783/458 447/1784/458
f 484/1785/459 483/1786/459 469/1787/459 427/1788/459
f 526/1789/460 525/1790/460 468/1791/460 435/1792/460
f 466/1793/461 467/1794/461 417/1795/461 416/1796/461
f 517/1797/462 518/1798/462 431/1799/462 465/1800/462
f 475/1801/463 476/1802/463 423/1803/463 464/1804/463
f 502/1805/464 503/1806/464 438/1807/464 462/1808/464
usemtl none
f 509/1809/465 508/1810/465 419/1811/465 418/1812/465
usemtl m_e463f441-a9b0-5143-c4bb-59b7b1cfe7db
f 511/1813/466 510/1814/466 461/1815/466 439/1816/466
f 513/1817/467 512/1818/467 471/1819/467 414/1820/467
f 514/1821/468 513/1822/468 414/1823/468 410/1824/468
f 515/1825/469 514/1826/469 410/1827/469 407/1828/469
f 515/1829/470 371/1830/470 449/1831/470
f 504/1832/471 505/1833/471 415/1834/471 472/1835/471
f 505/1836/472 506/1837/472 411/1838/472 415/1839/472
f 506/1840/473 507/1841/473 408/1842/473 411/1843/473
f 492/1844/474 394/1845/474 452/1846/474
f 493/1847/475 487/1848/475 453/1849/475 444/1850/475
f 479/1851/476 473/1852/476 454/1853/476 422/1854/476
usemtl none
f 521/1855/477 285/1856/477 455/1857/477 430/1858/477
usemtl m_e463f441-a9b0-5143-c4bb-59b7b1cfe7db
f 457/1859/478 456/1860/478 420/1861/478 421/1862/478
f 523/1863/479 522/1864/479 434/1865/479 458/1866/479
usemtl none
f 481/1867/480 480/1868/480 426/1869/480 459/1870/480
f 495/1871/481 494/1872/481 445/1873/481 460/1874/481
usemtl m_e463f441-a9b0-5143-c4bb-59b7b1cfe7db
f 510/1875/482 509/1876/482 418/1877/482 461/1878/482
f 462/1879/483 461/1880/483 418/1881/483 419/1882/483
f 508/1883/484 502/1884/484 462/1885/484 419/1886/484
f 488/1887/485 489/1888/485 463/1889/485 530/1890/485
f 474/1891/486 475/1892/486 464/1893/486 501/1894/486
f 516/1895/487 517/1896/487 465/1897/487 529/1898/487
f 467/1899/488 466/1900/488 443/1901/488 442/1902/488
f 525/1903/489 524/1904/489 441/1905/489 468/1906/489
f 483/1907/490 482/1908/490 440/1909/490 469/1910/490
f 497/1911/491 496/1912/491 446/1913/491 470/1914/491
f 512/1915/492 511/1916/492 439/1917/492 471/1918/492
f 472/1919/493 471/1920/493 439/1921/493 438/1922/493
f 503/1923/494 504/1924/494 472/1925/494 438/1926/494
f 474/1927/495 473/1928/495 455/1929/495 529/1930/495
f 475/1931/496 474/1932/496 529/1933/496 465/1934/496
f 476/1935/497 475/1936/497 465/1937/497 431/1938/497
f 477/1939/498 476/1940/498 431/1941/498 432/1942/498
f 478/1943/499 477/1944/499 432/1945/499 433/1946/499
f 478/1947/500 433/1948/500 394/1949/500
f 473/1950/501 479/1951/501 430/1952/501 455/1953/501
usemtl none
f 479/1954/502 480/1955/502 434/1956/502 430/1957/502
f 480/1958/503 481/1959/503 458/1960/503 434/1961/503
usemtl m_e463f441-a9b0-5143-c4bb-59b7b1cfe7db
f 481/1962/504 482/1963/504 441/1964/504 458/1965/504
f 482/1966/505 483/1967/505 468/1968/505 441/1969/505
f 483/1970/506 484/1971/506 435/1972/506 468/1973/506
f 484/1974/507 485/1975/507 436/1976/507 435/1977/507
f 485/1978/508 486/1979/508 437/1980/508 436/1981/508
f 486/1982/509 429/1983/509 371/1984/509
f 488/1985/510 487/1986/510 454/1987/510 501/1988/510
f 489/1989/511 488/1990/511 501/1991/511 464/1992/511
f 490/1993/512 489/1994/512 464/1995/512 423/1996/512
f 491/1997/513 490/1998/513 423/1999/513 424/2000/513
f 492/2001/514 491/2002/514 424/2003/514 425/2004/514
f 492/2005/515 425/2006/515 394/2007/515
f 487/2008/516 493/2009/516 422/2010/516 454/2011/516
usemtl none
f 493/2012/517 494/2013/517 426/2014/517 422/2015/517
f 494/2016/518 495/2017/518 459/2018/518 426/2019/518
usemtl m_e463f441-a9b0-5143-c4bb-59b7b1cfe7db
f 495/2020/519 496/2021/519 440/2022/519 459/2023/519
f 496/2024/520 497/2025/520 469/2026/520 440/2027/520
f 497/2028/521 498/2029/521 427/2030/521 469/2031/521
f 498/2032/522 499/2033/522 428/2034/522 427/2035/522
f 499/2036/523 500/2037/523 429/2038/523 428/2039/523
f 500/2040/524 449/2041/524 371/2042/524
f 503/2043/525 502/2044/525 453/2045/525 530/2046/525
f 504/2047/526 503/2048/526 530/2049/526 463/2050/526
f 505/2051/527 504/2052/527 463/2053/527 450/2054/527
f 506/2055/528 505/2056/528 450/2057/528 451/2058/528
f 507/2059/529 506/2060/529 451/2061/529 452/2062/529
f 507/2063/530 452/2064/530 394/2065/530
usemtl none
f 502/2066/531 508/2067/531 444/2068/531 453/2069/531
f 508/2070/532 509/2071/532 445/2072/532 444/2073/532
usemtl m_e463f441-a9b0-5143-c4bb-59b7b1cfe7db
f 509/2074/533 510/2075/533 460/2076/533 445/2077/533
f 510/2078/534 511/2079/534 446/2080/534 460/2081/534
f 511/2082/535 512/2083/535 470/2084/535 446/2085/535
f 512/2086/536 513/2087/536 447/2088/536 470/2089/536
f 513/2090/537 514/2091/537 448/2092/537 447/2093/537
f 514/2094/538 515/2095/538 449/2096/538 448/2097/538
f 515/2098/539 407/2099/539 371/2100/539
f 516/2101/540 285/2102/540 456/2103/540 443/2104/540
f 517/2105/541 516/2106/541 443/2107/541 466/2108/541
f 518/2109/542 517/2110/542 466/2111/542 416/2112/542
f 519/2113/543 518/2114/543 416/2115/543 412/2116/543
f 520/2117/544 519/2118/544 412/2119/544 406/2120/544
f 520/2121/545 406/2122/545 394/2123/545
usemtl none
f 285/2124/546 521/2125/546 420/2126/546 456/2127/546
f 521/2128/547 522/2129/547 421/2130/547 420/2131/547
usemtl m_e463f441-a9b0-5143-c4bb-59b7b1cfe7db
f 522/2132/548 523/2133/548 457/2134/548 421/2135/548
f 523/2136/549 524/2137/549 442/2138/549 457/2139/549
f 524/2140/550 525/2141/550 467/2142/550 442/2143/550
f 525/2144/551 526/2145/551 417/2146/551 467/2147/551
f 526/2148/552 527/2149/552 413/2150/552 417/2151/552
f 527/2152/553 528/2153/553 409/2154/553 413/2155/553
f 528/2156/554 437/2157/554 371/2158/554
f 532/2159/555 531/2160/555 368/2161/555 359/2162/555
f 533/2163/556 532/2164/556 359/2165/556 358/2166/556
f 534/2167/557 533/2168/557 358/2169/557 375/2170/557
f 535/2171/558 534/2172/558 375/2173/558 306/2174/558
f 536/2175/559 535/2176/559 306/2177/559 386/2178/559
f 531/2179/560 537/2180/560 370/2181/560 368/2182/560
f 537/2183/561 538/2184/561 401/2185/561 370/2186/561
f 538/2187/562 539/2188/562 312/2189/562 401/2190/562
f 539/2191/563 540/2192/563 313/2193/563 312/2194/563
usemtl none
f 540/2195/564 541/2196/564 349/2197/564 313/2198/564
f 541/2199/565 542/2200/565 309/2201/565 349/2202/565
f 542/2203/566 543/2204/566 291/2205/566 309/2206/566
usemtl m_e463f441-a9b0-5143-c4bb-59b7b1cfe7db
f 543/2207/567 544/2208/567 290/2209/567 291/2210/567
usemtl none
f 544/2211/568 545/2212/568 292/2213/568 290/2214/568
usemtl m_e463f441-a9b0-5143-c4bb-59b7b1cfe7db
f 545/2215/569 546/2216/569 293/2217/569 292/2218/569
f 546/2219/570 547/2220/570 296/2221/570 293/2222/570
f 547/2223/571 548/2224/571 300/2225/571 296/2226/571
f 548/2227/572 549/2228/572 298/2229/572 300/2230/572
f 549/2231/573 550/2232/573 306/2233/573 298/2234/573
f 386/2235/574 551/2236/574 536/2237/574
f 550/2238/575 551/2239/575 386/2240/575 306/2241/575
f 571/2242/576 580/2243/576 579/2244/576 572/2245/576
f 574/2246/577 585/2247/577 584/2248/577 575/2249/577
f 556/2250/578 564/2251/578 569/2252/578 563/2253/578
f 562/2254/579 566/2255/579 565/2256/579 558/2257/579
f 573/2258/580 586/2259/580 585/2260/580 574/2261/580
f 576/2262/581 583/2263/581 582/2264/581 577/2265/581
f 578/2266/582 581/2267/582 580/2268/582 571/2269/582
f 559/2270/583 567/2271/583 566/2272/583 562/2273/583
f 575/2274/584 584/2275/584 583/2276/584 576/2277/584
f 563/2278/585 569/2279/585 568/2280/585 557/2281/585
f 572/2282/586 579/2283/586 586/2284/586 573/2285/586
f 554/2286/587 565/2287/587 566/2288/587 561/2289/587
f 561/2290/588 566/2291/588 567/2292/588 555/2293/588
f 577/2294/589 582/2295/589 581/2296/589 578/2297/589
f 553/2298/590 568/2299/590 569/2300/590 560/2301/590
f 560/2302/591 569/2303/591 564/2304/591 552/2305/591
f 536/2306/592 551/2307/592 570/2308/592
f 561/2309/593 571/2310/593 572/2311/593 554/2312/593
f 554/2313/594 572/2314/594 573/2315/594 565/2316/594
f 565/2317/595 573/2318/595 574/2319/595 558/2320/595
f 558/2321/596 574/2322/596 575/2323/596 562/2324/596
f 562/2325/597 575/2326/597 576/2327/597 559/2328/597
f 559/2329/598 576/2330/598 577/2331/598 567/2332/598
f 567/2333/599 577/2334/599 578/2335/599 555/2336/599
f 555/2337/600 578/2338/600 571/2339/600 561/2340/600
f 552/2341/601 579/2342/601 580/2343/601 560/2344/601
f 560/2345/602 580/2346/602 581/2347/602 553/2348/602
f 553/2349/603 581/2350/603 582/2351/603 568/2352/603
f 568/2353/604 582/2354/604 583/2355/604 557/2356/604
f 557/2357/605 583/2358/605 584/2359/605 563/2360/605
f 563/2361/606 584/2362/606 585/2363/606 556/2364/606
f 556/2365/607 585/2366/607 586/2367/607 564/2368/607
f 564/2369/608 586/2370/608 579/2371/608 552/2372/608
f 587/2373/609 588/2374/609 589/2375/609 590/2376/609
f 591/2377/610 587/2378/610 590/2379/610 592/2380/610
f 593/2381/611 591/2382/611 592/2383/611 594/2384/611
f 588/2385/612 593/2386/612 594/2387/612 589/2388/612
f 594/2389/613 592/2390/613 590/2391/613 589/2392/613
f 588/2393/614 587/2394/614 591/2395/614 593/2396/614
f 595/2397/615 596/2398/615 597/2399/615 598/2400/615
f 599/2401/616 595/2402/616 598/2403/616 600/2404/616
f 601/2405/617 599/2406/617 600/2407/617 602/2408/617
f 596/2409/618 601/2410/618 602/2411/618 597/2412/618
f 602/2413/619 600/2414/619 598/2415/619 597/2416/619
f 596/2417/620 595/2418/620 599/2419/620 601/2420/620
f 603/2421/621 604/2422/621 605/2423/621 606/2424/621
f 607/2425/622 603/2426/622 606/2427/622 608/2428/622
f 609/2429/623 607/2430/623 608/2431/623 610/2432/623
f 604/2433/624 609/2434/624 610/2435/624 605/2436/624
f 610/2437/625 608/2438/625 606/2439/625 605/2440/625
f 604/2441/626 603/2442/626 607/2443/626 609/2444/626
f 611/2445/627 612/2446/627 613/2447/627 614/2448/627
f 615/2449/628 611/2450/628 614/2451/628 616/2452/628
f 617/2453/629 615/2454/629 616/2455/629 618/2456/629
f 612/2457/630 617/2458/630 618/2459/630 613/2460/630
f 618/2461/631 616/2462/631 614/2463/631 613/2464/631
f 612/2465/632 611/2466/632 615/2467/632 617/2468/632